username,age,profile_description,date,review_content,usage_period,purchase_point,recommend,rating_count,jenis_produk,value
rahelch,19 - 24,"Combination, Medium Light, Neutral",2024-11-17,"Hidden gem? Wkwkwk Akhirnya menemukan ss yang bagus banget di kulit aku yang berminyak bener bener gak greasy dan nahan minyaknya oke banget di aku, ga bikin jerawatan, dan ga sumuk pokoknya paket komplitttğŸ˜­ bagus banget huft bakal aku repurchase terus walaupun mungkin spfnya ga setinggi itu tapi dia nyaman banget dipake dan lembab bangetttMinusnya cuma karna masih sistem oles jadi rada sulit kalo terburu buru ya10/10",6 months - 1 year,Shopee,rahelch recommends this product!,5,Azarine Calm My Acne Sunscreen Moisturizer,64
Vinna23,18 and Under,"Oily, Medium, Cool",2024-11-17,"pernah coba punya temen, teksturnya mirip-mirip sama varian lainnya. gel lembut yang moist dan mudah di aplikasiin. no whitecast juga. an option buat kulit kmu yang sensitif dan butuh yang gentle-gentle aja, overall suka. bakal beli buat diri sendiri",Less than 1 week,Sample,Vinna23 recommends this product!,4,Azarine Hydrashoote Sunscreen Gel,64
cellinaas,18 and Under,"Combination, Medium Dark, Warm",2024-11-05,"suunscren paling sih !!aku pakai bagi sebelum berangkat sekolah siang hari replay terus , suunscrenpaling ringan, gampang di blend , + bisa bikin lembab karena ada moisturizernya touch up terus wajib biar ga gosong luvv banget deh sama suunscren satu ini luvv azarineâ¤ï¸",3 months - 6 months,Tiktok Shop,cellinaas recommends this product!,4,Azarine Calm My Acne Sunscreen Moisturizer,55
Lilyraharjo18,25 - 29,"Combination, Medium, Neutral",2024-11-04,"Sunscreen worth it to buy sejauh ini.. aku pakai pagi sebelum ke kantor, kalau ada kerjaan di lapangan touch up 2 kali biar gak gosongâœŒğŸ»ada moisturizer nya bikin lembab kulit, dan gak buat kusam sih menurut ku. aku pilih yg calm my acne karna kmren aku sempet jerawatanâœ¨",1 month - 3 months,Shopee,Lilyraharjo18 recommends this product!,4,Azarine Calm My Acne Sunscreen Moisturizer,62
pinklovingfairy,19 - 24,",19 - 24",2024-11-03,"hi, sunscreen ini teksturnya ringan banget! dan gampang buat di blend, nggaa bikin muka berminyak , gampang menyerap!dan tentunya bikin muka lebih lembab, karenaada moisturizer nya, dan di aku sunscreen nya inibagus - bagus ajaaa <3 ğŸ¤ğŸ¤",6 months - 1 year,Tiktok,pinklovingfairy recommends this product!,4,Azarine Calm My Acne Sunscreen Moisturizer,60
Sanarooo,25 - 29,"Dry, Medium, Neutral",2024-11-03,"Cocok untuk kulit kering dan kombinasi, ringan dibawa pada saat berpergian, tekstur formula ringan dan tidak sulit untuk diaplikasikan. Harga terjangkau dan mudah didapatkan dimana saja. Re-applay 2-3 jam sekali. Mampu membuat kulit terasa plumpy. Rekomendasi",More than 1 year,Shopee,Sanarooo recommends this product!,5,Azarine Hydramax C Sunscreen Serum,60
Imnisa,19 - 24,"Combination, Medium, Neutral",2024-11-03,"cocok banget buat aku yg sensitive dan oily skin, ga buat beruntusan dan buat pori-pori kecil. suka banget paake ini jadi sleeping mask, buat kulit bangun pagi-pagi jadi kenyal kinclong banget. must try banget buat kita pejuang acne dan big pore",1 month - 3 months,Female Daily Studio,Imnisa recommends this product!,5,Azarine Hydrashoote Sunscreen Gel,60
rahmadewi2002,19 - 24,"Dry, Medium, Warm",2024-11-03,"sunscreen legend banget! udah pakai ini lebih dari setahun dan ini sunscreen ternyaman! teksturnya ringan dan mudah menyerap, harganya juga terjangkau untuk kantong mahasiswa, formulasinya juga sangat pas untuk kulit 20 tahun keatas",More than 1 year,Shopee,rahmadewi2002 recommends this product!,5,Azarine Hydrashoote Sunscreen Gel,60
shrnsia_23,18 and Under,"Combination, Medium Light, Cool",2024-11-02,"Produk ini bagus kok, sejauh ini aq pakai gk bikin breakout. Tekstur nya ringan and mudah menyerap. And produk ini gk bikin kulit jadi berminyak bgt, padahal tipe kulit aq combination to oily. Cocok juga buat sensitive skin cuz ini produk bisa bantu nenangin kulit.",6 months - 1 year,Shopee,shrnsia_23 recommends this product!,4,Azarine Calm My Acne Sunscreen Moisturizer,57
nabills21,19 - 24,"Oily, Medium Light, Neutral",2024-11-02,"sunscreen azarine yang satu ini baguss bangeett sumpahh, melembabkan kulit, teksturnya gel tapi cepat bangett meresap nyaa dan ga bikin lengket, ringan parahh. spf nya 50PA++++ğŸ˜ğŸ«¶ğŸ» ada efek tone up nya sedikit ga buat muka putihâ€ bgt lah ya, finish nya bikin muka glowlyğŸ«¶ğŸ»",3 months - 6 months,Shopee,nabills21 recommends this product!,5,Azarine Hydramax C Sunscreen Serum,57
Ruthssrg,19 - 24,"Normal, Medium Light, Neutral",2024-11-02,"Ini bagus bgt, di aku ringan dan sama skali ga bikin lengket. udah berkali2 repurchase jugaaa <3 kalian buat yang nyari sunscreen murah dan ringan, mungkin produk ini adalah best choice buat kaliannn, apalagi untuk anak sekolahan dan kuliahan",More than 1 year,Shopee,Ruthssrg recommends this product!,5,Azarine Hydrashoote Sunscreen Gel,57
syifaraini09,19 - 24,",19 - 24",2024-11-02,Produknya sangat bagus saya sangat cocok menggunakan produk ini menjadi mulus muka saya dan tidak berjerawat lagi terimakasih ya female daily sudah membantu saya menemukan produk ini saya sangat senang sekali semoga ada event ini lagi ya,1 week - 1 month,XBeauty by Female Daily,syifaraini09 recommends this product!,5,Azarine Hydrashoote Sunscreen Gel,57
1009hoonie,18 and Under,"Combination, Medium Light, Neutral",2024-11-01,"hi guys, aku mau rekomendasiin ss yg bagus buat acne prone nih. aku udah pake 1 tahun lebih dan hasilnya lumayan banget di aku, udah jarang jerawatan lagi alhamdulillah. 1 tube bisa sampe 1 bulan loh~",More than 1 year,Shopee,1009hoonie recommends this product!,5,Azarine Calm My Acne Sunscreen Moisturizer,59
FitriKurniati,19 - 24,"Combination, Medium Light, Cool",2024-11-01,"guys, aku mau rekomendasiin nih ke kalian, sunscreen yang udah lama bgt aku pake hehe, udah sampe 3 tube lebih, ini friendly banget buat yang acne face kayak aku, terus dia sekalian moisturizer juga jadi kalian dalam satu produk udah dapat 2 fungsi sekaligus !!",6 months - 1 year,Shopee,FitriKurniati recommends this product!,5,Azarine Calm My Acne Sunscreen Moisturizer,59
twinkletoes0914,19 - 24,"Combination, Light, Cool",2024-11-01,"Sunscreen yang selalu aku pakai tiap hari, cocok untuk acne prone atau kulit sensitif kayak aku. Harganya juga terjangkau, ngga buat perih dimata dan cepat meresap ke kulit. Aku sering gunain sunscreen yang spfp35 pa +, recommended dari aku ya",More than 1 year,Tiktok Shop,twinkletoes0914 recommends this product!,5,Azarine Calm My Acne Sunscreen Moisturizer,59
yunnikeee,19 - 24,"Oily, Medium Light, Neutral",2024-11-01,serum vit c ga cocok di aku tapi malah cocok pake sunscreen yg ada vit c nyaağŸ‘ğŸ»ğŸ‘ğŸ» kalo mau pake ini harus siapâ€ punya wajah lebih cerah soalnya vit c nya kayak bikin tone up gitu diwajah cuma masih aman kokk dan produk ini juga gampang meresap jadi enak dipakenya,1 month - 3 months,Shopee,yunnikeee recommends this product!,4,Azarine Hydramax C Sunscreen Serum,59
gustindheasiahaan,19 - 24,",19 - 24",2024-11-01,"Azarine memang best sih, ini jadi sunscreen kecintaan ku. Karena waktu di pake dia tuh gak bikin berat di kulit gak bikin wajah kita jadi minyakan, jerawat, apalagi komedoan. Pokok nya kalian wajib beli karena harganya juga murah banget banget",1 month - 3 months,Female Daily Studio,gustindheasiahaan recommends this product!,5,Azarine Hydramax C Sunscreen Serum,59
yulianggrns,19 - 24,"Combination, Medium Light, Warm",2024-11-01,"sunscreen murah tapi bagus, ngga bikin whitecast, cepet menyerap super satset dan bisa dibeli di offline/online store, sering promo jugağŸ¤© repurchase banyak bgt krn cocok dan bagus dipake under makeup trs ngga bikin peeling pokoknya jd my go-to sunscreenğŸ¤©ğŸ«°ğŸ»",1 week - 1 month,Shopee,yulianggrns recommends this product!,5,Azarine Hydrashoote Sunscreen Gel,59
Rosafitrie,19 - 24,"Oily, Medium, Neutral",2024-11-01,"enggak bikin kulit lengket dan ga berbau harganya murah bisa ditemukan dimana aja, produknya jugak udh ada yg besar sehingga lebih awet dalam penggunaan sunscreennya, promo yg ditawarkan jugak besar diskonnya dan ga buat kulit jerawatan",3 months - 6 months,Shopee,Rosafitrie recommends this product!,5,Azarine Hydrashoote Sunscreen Gel,59
kiinaan,19 - 24,",19 - 24",2024-10-31,"in my opinion sunscreen ini sangat ringan pada pengaplikasiannya, tidak meninggalkan whitecast dan cepat menyerap juga melembabkan. ini menjadi combo produk yang bagus selain menjaga kulit dari paparan matahari produk ini juga melembabkan kondisi kulit karna kombinasi moisturizer<3",1 week - 1 month,Shopee,kiinaan recommends this product!,5,Azarine Calm My Acne Sunscreen Moisturizer,43
tetalicu,18 and Under,"Combination, Medium, Neutral",2024-10-31,"udah beberapa kali nyobain sunscreen merk lain tapi selalu balik lagi ke azarine ini,karna tekstur nya gel,lembut,tidak bau alkohol,dipake ke muka juga enak ga lengket pokoknya bagus banget deh aku suka banget sm produk sunscreen ini hehe",More than 1 year,Shopee,tetalicu recommends this product!,5,Azarine Hydrashoote Sunscreen Gel,43
ade_anggi,25 - 29,"Oily, Medium, Warm",2024-10-31,"Sunscreen kecintaan akuu.. Gak bikin muka jdi abu-abu. Ada kali udh 10 tube ngabisinnya. Teksturnya ringan, gak lengket dan ceoet bgt menyerap di kulit. Blm kepikiran buat pindah ke ss yg lain. Mungkin nanti kalo udh bosen baru deh pindah",More than 1 year,Shopee,ade_anggi recommends this product!,5,Azarine Hydrashoote Sunscreen Gel,43
letsbinuuu,19 - 24,"Oily, Medium Light, Cool",2024-10-29,"Salah satu sunscreen yang wajib dicoba buat para oily and acne prone skin dan gampang keringetan kaya aku, dia gampang banget menyerap kaya gak pake apa apa dan oil controlnya juara.Dipake sebagai skinprep pun dia gak ngerusak makeup, karna dia itu hasilnya matte semisal kalian mau makeupnya agak dewy kalian bisa pake serum or moist yang agak thick terus dipakein ss ini bagus banget karna oil controlnyaintinya ini worth to try for oily skin",3 months - 6 months,Sociolla,letsbinuuu recommends this product!,5,Azarine Calm My Acne Sunscreen Moisturizer,65
yasmin_shabira,19 - 24,"Combination, Medium Dark, Neutral",2024-10-29,"Tksturnya bagus,tapi cepet oksidasi sih jadi agak gelapan mukaku,luamayan bikin cerah,tapi spf nya gak tau nih soalnya kena matahari tetep kerasa panasnya gitu,gak lengket sih,cepet nyerap juga,wanginya aku lumayan suka,terus dia tu watery jdi cepet ngeresap",1 month - 3 months,Tiktok Shop,yasmin_shabira recommends this product!,4,Azarine Hydrashoote Sunscreen Gel,65
febry_ananda,19 - 24,"Dry, Medium Dark, Neutral",2024-10-29,tekstur sunscreennya tuh bagus karena gampang di blend dan cepat nyerap di kulit terus ga perih di mata dan ringan di kulit tapiii sayangnya di muka aku tetap keliatan kusam padahal glowingnya bagus sih. kalo dari segi harga sih worth it banget,3 months - 6 months,Shopee,febry_ananda recommends this product!,4,Azarine Hydrashoote Sunscreen Gel,65
yaanti,19 - 24,",19 - 24",2024-10-25,"Produknya menurut ku so so aja ga buat efek buruk tp ga ngasih efek yg gimana gimana juga, tidak terlalu bisa buat nenangin jerawat tp ya okelah karna ga nimbulin efek negatif juga, kalo dipakai tanpa di timpa bedak apapun menurut aku si buat kusam tp kalo di timpa pakai bedak bagus dan ga peeling.",More than 1 year,Boots,yaanti recommends this product!,4,Azarine Calm My Acne Sunscreen Moisturizer,63
ndyumna,19 - 24,"Dry, Medium Light, Cool",2024-10-25,"Di aku enak banget, teksturnya ringan dan melembabkan kulit, jadi berasa fresh kalo habis pake sunscreen. Lumayan cepat meresap dan nggak ada white cast juga. Dipake di bawah make up pun aman, ga bikin make up geser.",1 week - 1 month,Lazada,ndyumna recommends this product!,5,Azarine Hydrashoote Sunscreen Gel,63
Nuzhiladwislma,25 - 29,"Combination, Medium, Neutral",2024-10-25,"Sebenernya kalo cocok ini enak sih dipakai soalnya teksturnya gel dan ringan banget. Gampang untuk apply dan mudah menyerap. Tapi di kulit aku ini gak cocok, dalam satu hari dia udah menimbulkan beruntusan di jidat aku",Less than 1 week,Shopee,Nuzhiladwislma doesn't recommend this product!,3,Azarine Hydrashoote Sunscreen Gel,63
Ekadyahkurnawatiii,19 - 24,"Combination, Medium, Neutral",2024-10-18,"Sumpah ini produk Bagus bangeeettğŸ˜ğŸ˜ afternya gak bikin muka kusam samsek, gak bikin berminyak jugağŸ¥°ğŸ¥° meskipun udah 8 jam aku pake (didalam ruangan) tapi mukaku gak ada keliatan berminyak sama sekali.",1 week - 1 month,Shopee,Ekadyahkurnawatiii recommends this product!,5,Azarine Calm My Acne Sunscreen Moisturizer,51
nasywahfajri,18 and Under,"Combination, Medium, Neutral",2024-10-18,"dari sekian banyak koleksi suncreen azarine gua, ini yangpaling banyak sih, di pakai ringan poll, ada dingin dingin gitu, di pakai di daerah mata sama sekali ngga perih, sunscreen azarine selama ini kalo gua pakai di daerah mata emang ngga pada perih sih, lembab di gua. recommend? yapss, gua pakai ini pas di sore hari aja kalo gua ada mau keluar, kalo pagi pakai yang spf 45 karena apa? gua lagi belang parah, jadi proteksi nya kureng di gua, tapi tetep bagus dan gaada keluhan apapun kok. cuss beli sayang",More than 1 year,Instagram,nasywahfajri recommends this product!,5,Azarine Calm My Acne Sunscreen Moisturizer,51
nasywahfajri,18 and Under,"Combination, Medium, Neutral",2024-10-18,"untuk suncreen azarine satu ini, jujur ngga cocok di kulit gua, gatau kenapa. gua bahkan pernah hampir kebayang sama produk ini sampe berhari-hari, eh malah ga cocok. gua berharap banget sama kandungan vit c nya, tapi syaang di gua ga berjodoh:( apalagi pas pulangsekolah terus deoble cleansing kan, sumpah kotor nya tuh banget pokoknya beda sama suncreen azarine varian lain, pake ini juga malah ada jerawat, sayang sekali ngga jodoh ya haha, tapi selama pemakaian ngga ngerasa berat walaupun spf 50, tapi ya gitu lah, bikin kusam juga. pokoknya ga cocok deh, sorry azarine",6 months - 1 year,Instagram,nasywahfajri doesn't recommend this product!,2,Azarine Hydramax C Sunscreen Serum,51
Erkisadita,25 - 29,"Combination, Medium Light, Neutral",2024-10-18,"Bikin kulitwajahku jadi lebih berminyak, dan dikulit ku malah jadi item mungkin gak cocok kali yaa dikulit wajah ku. Tapi teksturnya cukup ringan berasa kayak gak pake sunscreen tp yg untuk harga affordable sih untuk pelajar. Balik lagi tergantungjenis kulitwajah masing-masing",1 week - 1 month,Indomaret,Erkisadita recommends this product!,4,Azarine Hydrashoote Sunscreen Gel,51
nasywahfajri,18 and Under,"Combination, Medium, Neutral",2024-10-18,"sunscreen kesayangan gua, kecintaan guağŸ«°ğŸ«° gua beneran cinta banget, apalagi sama yang hijo ini, finish nya muantep di kulit gua, lembab? yappss, ketarik? ngga juga, blend nya guampang, tapi emang kalo sunscreen nya udah menyerap terus mau di timpa lagi, harus butuh kesabaran untuk blend nya, hasil mate finish, bagi yang punya oily skin, mantep pakai sunscreen ini. sudah ssegituaja,recommend? yapps, untuk kulit kombinasi masih cocok, lihat aja lah se berapa banyaknya koleksi azarine yang gua punya, ini belum seberapağŸ˜ğŸ˜ğŸ«µ gua tipe nya paling muales kalo suncreen dah di titik penghabisan, harus effort mencet bahkan gunting, makanya jadi numpuk, mungkin ada yang udah habis tapi gua belum cek, pas itu pernah hampir lebih dari 5 paling hampir 10 kayaknya numpuk ni sunscreen, gatau udah berapa kali gua repurche anjir, awal-awal mau cari sunscreen langsung pakai azarine yaudah cocok deh sampai sekarang, pantess sih di bikin versi guede, karena worth it selama pakai ini gaada masalah yang apa banget sih",More than 1 year,Instagram,nasywahfajri recommends this product!,5,Azarine Hydrashoote Sunscreen Gel,51
ester26yuni,19 - 24,"Combination, Medium, Neutral",2024-10-17,"Sunscreen nya bagus, cocok di kulitku, di oleskan di daerah mata engga buat perih, ga buat breakout, harganya juga terjangkau, dan bisa di temukan di mana-mana kalau lagi habis sunscreen nya. Ga buat sumuk di muka, bisa di pakai buat sehari-hari, ga buat bedak geser si, okelah",1 month - 3 months,Guardian,ester26yuni recommends this product!,5,Azarine Calm My Acne Sunscreen Moisturizer,74
ikamarthia,35 - 39,"Oily, Medium Light, Neutral",2024-10-17,"suka banget sama teksturnya yang ringan, mudah meresap, dan tidak lengket. gak whitecast juga dan aman banget ditimpa makeup, alias gak peeling. harganya juga affordable. ada size 30 ml, 50ml, dan 100 ml. jadi bisa pilih semua kebutuhan.",3 months - 6 months,PR Package,ikamarthia recommends this product!,5,Azarine Hydrashoote Sunscreen Gel,74
grateful01,30 - 34,"Dry, Medium Dark, Neutral",2024-10-15,Alhamdulillaah cocok sekali sama sunscreen ini. Sebenarnya lebih murah sunscreen I*plor* tetapi yang ini nggak perih di mataku dan sejauh ini nggak menyebabkan breakout. Sampe sekarang harapan ku ke sunscreen itu nggak muluk2 cukup cocok dan tidak bikin breakout serta masuk sama budgetku udah seneng banget Alhamdulillah.,6 months - 1 year,Shopee,grateful01 recommends this product!,5,Azarine Calm My Acne Sunscreen Moisturizer,59
najla,18 and Under,"Oily, Medium Dark, Warm",2024-10-15,"Tekstur sunscreen ini gell enak gampang ngeresap, tapi kadang suka peeling gitu sama feels nya tuh kadang ke muka kaya kenceng gitu. Tapi so far bagus terjangkau ada di offline store kaya supermarket dan murah juga. Enak juga buat di reapplynya",6 months - 1 year,Shopee,najla recommends this product!,4,Azarine Hydrashoote Sunscreen Gel,59
elanisarast,25 - 29,"Oily, Medium Light, Warm",2024-10-11,"Kok bisa-bisanya aku ternyata belum review sunscreen andalanku ini? Saking perfectnya, aku ga tau mau ngomong dari mana. Mukaku yang udah kayak kilang minyak, pas tiap pagi pakai ini, seharian jadi minim (kecuali di bagian hidung karena emang udah nggak tertolong kayaknya). Dia bisa bangettt ngontrol minyak berlebih padahal nggak aku timpa pakai mineral powder translucent (apalagi kalau pakai, yang dari innisfree, behhh best combo!). Yang aku suka, dia ada sensasi dingin yang bukan nyelekit atau minty gitu, tapi kayak segerrr aja macam kena air di cuaca hujan. Apaan ya kurangnya (?) sampai bingung. SPFnya menurutku pas bgt buat di rumah doangan (berhubung rumahku ada beberapa skylight jadi perlu proteksi juga buat berkeliaran di dalam, tapi ga butuh yang too much). Tutupnya juga bukan yang putar, alias tinggal buka sat set pakai *aku benci muter2in wkwk. Mungkin kurangnya di mulut botolnya yang besar kali ya? Aku jadi ga bisa ukur 2 ruas jari. Tapi aku pakai pun secukupnya aja sih (bandel emang) kecuali kalau buat ke luar *ini pun pasti pakai yang versi spf 50.",More than 1 year,Shopee,elanisarast recommends this product!,5,Azarine Calm My Acne Sunscreen Moisturizer,47
Deasisil,25 - 29,"Oily, Medium, Warm",2024-10-08,"Repurchase kesekian yg varian ini, ternyata enak juga buat kulit oily, cepet meresap, aroma seger enak, ga bikin berminyak, berasa moisturized juga. Harga affordable, cuma emang isinya dikit aja sih buat aku jadi kesal dikit-dikit beli wk",1 month - 3 months,Shopee,Deasisil recommends this product!,5,Azarine Calm My Acne Sunscreen Moisturizer,82
bimbooo,19 - 24,"Normal, Medium, Neutral",2024-10-08,"Bagus sekaliiğŸ«¶ğŸ» Aku udah repurchase beberapa kali dan ini sunscreen paling nampol ngaruh tapi ga bikin sensitive/komedoann. Ringan bgtt langsung nyerep tapi ga kering wajahnya, cocok buat segala jenis kulit. Udah coba 3 varian berbeda tetep sama bagusnya gaada yg bikin iritasi atau demek gitu mukanya",More than 1 year,Shopee,bimbooo recommends this product!,5,Azarine Hydrashoote Sunscreen Gel,82
Asterisiriusis,19 - 24,"Oily, Medium, Neutral",2024-10-08,Menggunakan sunscreen jadi lebih menyenangkan dgn Azarine. Cocok untuk kulitku yg normal to oily. Kalo ditimpa make up juga aman ga bikin longsor. Harganya terjangkau worth it dgn kualitas dan isinya. Teksturnya mudah diratakan dan cepat menyerap.,More than 1 year,Shopee,Asterisiriusis recommends this product!,5,Azarine Hydrashoote Sunscreen Gel,82
pitalokadanisa,30 - 34,"Oily, Medium, Neutral",2024-10-05,Salah satu suncreen yang cocok banget untuk kulit wajah yang berjerawat dan oily skin... Udah sering pakai azarine sunscreen yang satu ini.. dan cocok banget sama kulit wajah aku yang oily skin dan berjerawat,1 week - 1 month,Official Brand Store,pitalokadanisa recommends this product!,5,Azarine Calm My Acne Sunscreen Moisturizer,78
lanyeu,19 - 24,"Normal, Medium Dark, Neutral",2024-10-05,"Udah dari lama pake hidramax c sunscreen dari azarine. Sesuka itu, karena cepet kering dan gak bikin whitecast. type kulitku juga normal to dry, jadi pas banget kalo pake sunscreen ini. nyaman banget buat dipake sehari-hari tuh",6 months - 1 year,Shopee,lanyeu recommends this product!,5,Azarine Hydramax C Sunscreen Serum,78
akirahana,19 - 24,"Normal, Medium Light, Neutral",2024-10-05,"Aku punya kulit normal-oily, sunscreen ini masih oke dengan kulitku, aku sering berada di outdoor, tapi aku juga reaply sunscreen nya, Tekstur nya dingin terus ringan, mudah di serap, tidak meninggalkan whitecast di kulitku. Harga masih terjangkau dan varian produknya banyak",3 months - 6 months,Traditional Market,akirahana recommends this product!,4,Azarine Hydrashoote Sunscreen Gel,78
frlyyraaa,19 - 24,"Normal, Medium Dark, Neutral",2024-10-04,"ini baguss banget! sunscreen nya ga ada whitecast, gampang menyerap juga, soalnya tekstur dari sunscreen nya itu gel. harus reapply tiap 2-3 jam soalnya cuma 35spf, overall ini recommended to use. tipekul aku normal to oily anyway.",6 months - 1 year,Shopee,frlyyraaa recommends this product!,5,Azarine Calm My Acne Sunscreen Moisturizer,66
hadinaw,19 - 24,"Combination, Medium Light, Warm",2024-10-04,"Mudah didapet di minimarket umum, tapi aku lebih sering dapet di A*** daripada I********. Ringan dan gak mengiritasi, aku lupa sudah setahun atau belum pakai ss ini. Enak ga ada whitecast dan gak memberatkan di wajah, cepat meresap. Untuk pemakaian sehari-hari, mampu melindungi wajahku agar gak terbakar dan gosong, tapi mungkin kalo pergi ke tempat yang panasnya ekstrem, perlu apply sunscreen yang lebih thick.",6 months - 1 year,Alfamart,hadinaw recommends this product!,5,Azarine Hydrashoote Sunscreen Gel,66
Sherina23,19 - 24,"Oily, Medium, Neutral",2024-10-04,Tekstur Sunscreen ringan banget di wajah aku dan ga buat efek berminyak dan gak whitecasePokoknya best banget dehh Dah harga sangat terjangkau banget buat gak buat kantong boncos Isi juga lumayan banyak Muantep poll deh sunscreen azarine di aku,6 months - 1 year,Shopee,Sherina23 recommends this product!,5,Azarine Hydrashoote Sunscreen Gel,66
luthfiahhanum,19 - 24,"Oily, Medium, Neutral",2024-09-30,"BEST SUNSCREEN EVER for OILY SKIN. Gampang nyerap, finishnya matte ğŸ’¯, non comedogenic, no white cast, dan pastinya kantong pelajar friendlyyy.Repurchase this one for 1000Ã— times ga bosen2 dan akan terus repurchase karena bagus bgt bgt. ğŸ’•Kalau dikirimin ini se-truk juga ga akan nolak weh ğŸ¤ğŸ˜­ğŸ¤ğŸ˜­ğŸ¤ğŸ˜­",More than 1 year,Shopee,luthfiahhanum recommends this product!,5,Azarine Calm My Acne Sunscreen Moisturizer,47
dindaanra_,19 - 24,"Combination, Medium, Warm",2024-09-29,"pake sunscreenini rasanya enak bgttt kek langsung nyerep dikulit yang berminyak, gak bikin whitecast, kandunganya juga mantep bgt kaya centella asiatica buat calming, terus ada salicylicacid buat jerawat, pokoknya suka bgt sama prodak inj knp gak dari dulu coba azarine ğŸ˜­ğŸ˜­",1 month - 3 months,Shopee,dindaanra_ recommends this product!,5,Azarine Calm My Acne Sunscreen Moisturizer,61
alfimanzila,25 - 29,"Oily, Dark, Warm",2024-09-29,Sekarang beralih sunscreen azarine yang ini.....dulu pakai yang spf 45...sekarang aku turunin....lumayan ada hasil sill....basic skincare tiap hari jerawat lumayan memudar...cuma tekstunya yang pas banget buwa kulit oily jadinya mudah nyerep,1 month - 3 months,Shopee,alfimanzila recommends this product!,4,Azarine Calm My Acne Sunscreen Moisturizer,61
astiwidy,25 - 29,"Oily, Medium, Neutral",2024-09-29,"bagus banget, no white case, engga bikin bruntusan dan jerawat loh, suka banget pakenya, buat kulit oily juga baguss, harganya murah juga, sangat rekomended, worth to buy guys!! engga berat juga, super ringannnn, udah repuschase beberapa kali",More than 1 year,Shopee,astiwidy recommends this product!,5,Azarine Calm My Acne Sunscreen Moisturizer,61
nadhifa_15,19 - 24,"Combination, Medium Dark, Neutral",2024-09-29,"teksturnya enak bngtt ga adaa whitecast nya dipake juga nyaman, bisa digunakan untuk daily cocok bngt buat yg kulitnya sensitif, mnrtku dia juga cocok buat wajah jerawatan, dipake juga ga berat. buat anak sekolah yang bingung cari sunscreen ini rekomended",Less than 1 week,Tiktok,nadhifa_15 recommends this product!,5,Azarine Hydrashoote Sunscreen Gel,61
osamars,19 - 24,"Normal, Medium Light, Neutral",2024-09-29,"basic skincare paling dibutuhin, baik untuk kegiatan dalam ruangan (indoor) maupun luar ruangan (outdoor), tekstur gel jadi enak banget buat dipake, tanpa whitecast! sunscreen udah jadi kebutuhan harian sih, apalagi sunscreen azarine ini sangat recomend to try!",1 month - 3 months,Shopee,osamars recommends this product!,5,Azarine Hydrashoote Sunscreen Gel,61
Jusmalia,30 - 34,"Combination, Light, Warm",2024-09-28,"Udah masuk tube 2 apa 3 gt untuk sunscreen ini. Azarine aku masih juara sih utk tekstur dan kenyamanannya. Teksturnya gel creamnya cepet meresap tapi bikin kulit masih berasa lembab dan yg penting jg berasa soothing dan calming wajah. Nyaman banget dipakenya sih intinya, lembut banget, tanpa parfum dan kalo lagi ada jerawat berasa aman pake sunscreen ini. Love it!",3 months - 6 months,Guardian,Jusmalia recommends this product!,5,Azarine Calm My Acne Sunscreen Moisturizer,51
alfiard_,19 - 24,"Combination, Medium Light, Cool",2024-09-28,"pake sunscreen tapi berasa ga pake sangking ringannyağŸ˜­sunscreen azarin calm mu acne spf 35 ini type chemical sunscreen, ingredientsnya ada bakuchiol dan pionin yang bisa calm acne dan redness, sunscreen ini juga 0% alcohol dan fragrance",1 month - 3 months,Shopee,alfiard_ recommends this product!,5,Azarine Calm My Acne Sunscreen Moisturizer,51
sakinatunnisa,19 - 24,"Combination, Medium Light, Neutral",2024-09-28,"Aku cocok pakai sunscreen calm my acne. Ngga wait case, aku risih soalnya kalau pakai sunscreen yang wait case. Ringan di kulit wajah, gampang di pakai dan mudah dibawa ke mana-mana. Harganya juga terjangkau. Ngga bikin makin jerawatan. Aman untuk kulit remaja",1 week - 1 month,Brand Website,sakinatunnisa recommends this product!,5,Azarine Calm My Acne Sunscreen Moisturizer,51
chvvr_,19 - 24,"Combination, Medium Dark, Neutral",2024-09-28,"Dapet rekomendasi sunscreen keren ini dari oomf, Auryn. Penyelamat banget dari sunscreen yang sebelumnya bikin kulit aku breakout. This is best of the best sunscreen who had adorable prices and really suits kantong pelajar seperti kita-kita ini. No whitecast, lembab sekali, wangi, murce, gak bikin makeup luntur, cocok buat oily skin, dan gak bikin muka aku gosong. Menurutku ss azarine gaada kekurangan so far aku menggunakan ini dari masa sekolah sampai kuliah :0",6 months - 1 year,Tokopedia,chvvr_ recommends this product!,5,Azarine Hydrashoote Sunscreen Gel,51
Jannifer0201,25 - 29,"Combination, Medium Light, Warm",2024-09-28,Pakai dan rasakan manfaaat dariAzarine cosmetic hydrasoothe suncreen gel spf 45+++Dipakai sehari hari dan aman untuk kulit sensitif tidak lengket dan lembut saat digunakanYuk coba pakai Azarine cosmetic hydrasoothe suncreen gel spf 45+++,1 month - 3 months,Shopee,Jannifer0201 recommends this product!,5,Azarine Hydrashoote Sunscreen Gel,51
iniakucaca,19 - 24,"Oily, Light, Warm",2024-09-27,"SPF 50 memberikan perlindungan yang memadai untuk aktivitas luar ruangan. Tekstur gelnya bagus gampang nyerap.aku remonedasiin buat temen temen yang mau cari sunscreen. produknya oke banget. Tidak meninggalkan rasa lengket di kulit, sehingga cocok untuk semua jenis kulit.",3 months - 6 months,Shopee,iniakucaca recommends this product!,5,Azarine Calm My Acne Sunscreen Moisturizer,76
awliapram,19 - 24,",19 - 24",2024-09-27,"Udah pake sunscreen ini semenjak awal kuliah dan sangatlah cocok di kulit, cepet banget menyerap, dan ringan di kulit. Biasanya selalu reaply beberapa kali dalam sehari dan produk ini bikin kulit moist banget. Wajib nyetok produk ini di rumah",More than 1 year,Brand Website,awliapram recommends this product!,5,Azarine Hydramax C Sunscreen Serum,76
Lixx,19 - 24,"Combination, Medium Dark, Neutral",2024-09-27,"Ringan banget!! Terus gampang di blend juga, ga bikin keset sama ga bikin lengket. Gampang banget dicari produknya, kalau habis restocknya cepet pake banget banget. Affordable sangat! Salah satu sunscreen paling worth dengan spf tinggi!",More than 1 year,Shopee,Lixx recommends this product!,5,Azarine Hydramax C Sunscreen Serum,76
abiabigail,35 - 39,"Combination, Medium Light, Neutral",2024-09-27,"Azarine sunscreen yang aki butuhkan untuk kulit sensitive ku, melindungi dari sinar matahari ketika ada di outdoor, bikin gak was was ketika sudah di luar ruangan, dan produk ini sudah aku pake setahun",6 months - 1 year,Shopee,abiabigail recommends this product!,5,Azarine Hydramax C Sunscreen Serum,76
Qiess,19 - 24,"Normal, Light, Cool",2024-09-27,"Berdasarkan rekomendasi dari temen2 ku untuk gunain sunscreen ini. Dari segi tekstur sangat ringan, no whitecast, agak sedikit kental (tidak watery). Harga sangat sesuai dengan kualitas. Tapi sayangnya di kulitku yang combination (oily dan dry) itu gak cocok :(.",1 week - 1 month,Shopee,Qiess recommends this product!,3,Azarine Hydrashoote Sunscreen Gel,76
radiinkh,19 - 24,"Oily, Medium Light, Neutral",2024-09-27,buat oily and combi skin kaya aku udah nyoba berbagai sunscreen tetep inisih yg paling oke di kulit karna texturenya jg RINGAN dan gampang nyerapğŸ¤©ğŸ‘ğŸ» spf 45 juga aslinya lebih tapi tetep ga bikin muka kusemmm thats why kalian harus coba sihhhhh,6 months - 1 year,Female Daily Event,radiinkh recommends this product!,5,Azarine Hydrashoote Sunscreen Gel,76
thiis_10,18 and Under,"Dry, Medium, Neutral",2024-09-26,"Cocok buat pemula yang baru terjun ke dunia skincare! Ini termasuk produk fav ku di azarine.ğŸ’—. Rasanya ringan di wajah dan ga bikin jerawatan. Apalagi yang sedang jerawatan, jangan takut buat coba karena ini ga bikin perih saat pemakaian. Bisa juga melembabkan wajah apalagi kalau kulitmu kering. Rekomend deh buat kamu yang suka berdiam di ruangan atau saat sedang sekolah.",3 months - 6 months,Lazada,thiis_10 recommends this product!,5,Azarine Calm My Acne Sunscreen Moisturizer,39
almiraa,19 - 24,"Combination, Medium Light, Neutral",2024-09-26,"satu satunya sunscreen yang cocok banget dan ga bikin minyakan di wajah aku yang super duper susah banget nyari sunscreen yang cocok, dia lightweight gampang banget di blend dan cepet nyerep juga, minusnya kadang suka bikin kering dan ketarik, tapi overall baguss",More than 1 year,Shopee,almiraa recommends this product!,4,Azarine Calm My Acne Sunscreen Moisturizer,39
khoirinida,25 - 29,"Combination, Medium, Warm",2024-09-26,"Sunscreen spf 50 yg ringan, no whitecast, ga kerasa berat. Di wajah juga ga lengket dan gampang nyerepnya! Udah repurchase ini berkali2, harga juga masih terjangkau bgtttt. Btw kulit aku normal to oily, pake ini cocok2 aja. Sampe skrg blm pindah ss yg lain sih",3 months - 6 months,Shopee,khoirinida recommends this product!,5,Azarine Hydramax C Sunscreen Serum,39
Alkadiena,19 - 24,"Oily, Medium, Neutral",2024-09-26,"Produk tidak lengket, tidak whitecase, nyaman, cocok untuk kulitku yang kemerahan dan berminyak, harga terjangkau, banyak pilihan untul jenik kulit, kemasan juga mudah dibawa kemana mana mau pakai tas kecil atau tas besar, reaplly mudahğŸ’•",6 months - 1 year,Traditional Market,Alkadiena recommends this product!,5,Azarine Hydrashoote Sunscreen Gel,39
rinasusila13,25 - 29,"Combination, Medium Light, Cool",2024-09-26,"beliin ss ini buat suami lumayan ringan harga juga murah ya intinya mesti apply sering sih kaya suami aku yg kadang kerja outdoor dan indor gt, so far bagus mayan bisa bersaing lah dengan seatara nya...",3 months - 6 months,Shopee,rinasusila13 recommends this product!,3,Azarine Hydrashoote Sunscreen Gel,39
diyandita,18 and Under,"Oily, Medium Light, Neutral",2024-09-25,"Jujur, ini salah satu SS legend menurut aku, dulu pakai yg Hydra Shoote skrg pakai yg Calm Acne.Enak texture nya ringan BGT ga bikin closed comedo juga guys!ğŸ’—Gatau udah tube ke berapa, gabisa berpaling ke SS lain kalau buat daily use",More than 1 year,Shopee,diyandita recommends this product!,5,Azarine Calm My Acne Sunscreen Moisturizer,48
cdnz,18 and Under,"Combination, Medium Light, Neutral",2024-09-25,"Sunscreen ini oil control nya oke, teksturnya ringan ga bikin gerah. Beneran berasa kaya ga pake apa-apa. Minusnya, kalau aku pake 1 jari full atau agak tebel gitu lumayan lama nyerepnya, but it's okay biasanya aku kipas-kipas biar cepet nyerep. Overall, aku suka banget sama sunscreen ini, karena ga bikin muka aku berminyak.",1 week - 1 month,Guardian,cdnz recommends this product!,5,Azarine Calm My Acne Sunscreen Moisturizer,48
hann_ad,19 - 24,"Dry, Medium Light, Warm",2024-09-25,"Tidak menimbulkan jerawat selamat pemakaian.. ada kandungan bakuchiol tapi gak greasyEfek melembabkan sangat ada, bisa dipakai sebagai moisturizerâ€¦Sunscreen Cepat meresap ke kulit,,, biarpun dipakai setelah berlayer-layer skincare",1 month - 3 months,Official Brand Store,hann_ad recommends this product!,5,Azarine Calm My Acne Sunscreen Moisturizer,48
wieline,19 - 24,"Oily, Medium Light, Cool",2024-09-25,"Teksturnya sangat enak, tidak lengket dan tidak bikin whitecase juga, harganya sangat worth it bgt untuk pelajar dan mudah untuk dijangkau di toko manapun!! pakai ini sudah dari SMA dan sampai sekarang masih pakai, pakai nya setiap hari. love bgtğŸ’–",More than 1 year,Traditional Market,wieline recommends this product!,5,Azarine Hydrashoote Sunscreen Gel,48
namiranurfaliani,19 - 24,"Combination, Medium Light, Neutral",2024-09-25,"Sunscreen ini menurut aku ter the best sih, karena ga bikin white case sama sekali, terus ngelembapin kulit juga, dan ga buat wajah aku iritasi. Pokoknya aku cocok banget pake produk ini sampe udh abis 5 bottle karena sakinh cocoknya sama muka aku",More than 1 year,Brand Website,namiranurfaliani recommends this product!,5,Azarine Hydrashoote Sunscreen Gel,48
starbroocks,19 - 24,"Oily, Medium, Neutral",2024-09-24,"Sunscreen tercocok, terbagus, ter affordable, pokoknya ter ter ter. Finishnya matte, gampang menyerap, dan cocok banget untuk kulit oily, acne prone skin. Gaada fragrance sama sekali, dan teksturnya mirip gel cream (?) ringan pokoknya. Untuk setelah pakai after feeling nya ga bakal kerasa berat, dan mostly setiap pakai nahan minyak lumayan bgt. Udah repurchase berkali-kali sampe gabisa diitung itu bekas tube ada berapa mungkin sekitar 10(?) karena emang sebagus itu dan udah pake dari lamaaaa. Awalnya emang coba-coba karena kok ada varian yg khusus acne, pas awal aku pakenya yang hydrasoothe. Tapi cocok banget sama yg inii, saran buat Azarine kedepannya tolong launch produk ini dengan size yg lebih besar dan isi lebih banyak donggg untuk kaum yang malas beli-beli muluuuu lovvvv â¤ï¸â¤ï¸â¤ï¸",6 months - 1 year,Murni Cosmetics Nusa Dua,starbroocks recommends this product!,5,Azarine Calm My Acne Sunscreen Moisturizer,42
Natasya_04,45 and Above,"Combination, Medium, Neutral",2024-09-24,Sunscreen azarin salah satu myg fav ss yang aku pake. Dia miliki tekstur kaya gel. Ss nya nyaman di pake aman untuk kulit aku yg sensitif dan tipe kombinasi. Gampang nyerep dan ga menimbulkan whitecase. Harganya pun ramah di kantong anak kos,1 month - 3 months,Shopee,Natasya_04 recommends this product!,5,Azarine Hydrashoote Sunscreen Gel,42
adindaptrasyh,19 - 24,"Oily, Medium, Warm",2024-09-24,"aku nyoba ini karena kepo aja apa bedanya sama yg cream, ternyata yang gel ini itu lebih gampang di blend & nyerap terus ada cooling sensationnya setelah make, bagus buat skinprep sebelum make up dan obviously ga ada white castnya hehe, kayanya aku lebih suka yg ini sih daripada yg cream",3 months - 6 months,Official Brand Store,adindaptrasyh recommends this product!,4,Azarine Hydrashoote Sunscreen Gel,42
alicslwa_,18 and Under,"Oily, Medium, Neutral",2024-09-23,"Aku suka banget sama sunscreen ini. Apalagi buat aku yang skintype nya oily, sunscreen ini sama sekali ga bikin muka jadi kilang minyak. Finish nya matte di kulit jadi mau dipake dari pagi sampe siang pun paling minyakan sedikit (which is normal). Sebenernya di awal pemakaian aku ngerasa sunscreen ini ga bikin kusam sama sekali, tapi ntah kenapa akhirÂ² ini aku ngerasa malah jadi kusem(?) kalo misal sunscreen nya ga diset pake bedak. Aku gatau ini karena emang sunscreennya bikin kusam dari awal tapi aku ga sadar atau makin dipake malah bikin kusam. Repurchase? Masih oke",1 week - 1 month,Shopee,alicslwa_ recommends this product!,5,Azarine Calm My Acne Sunscreen Moisturizer,56
zakiatr_,19 - 24,"Oily, Medium Light, Cool",2024-09-23,"Pernah pake sekali karena ditempatku yang varian yang biasa aku beli habis. Menurutku ini oke sih, untuk kulit oily dia ga lama dalam ngeset trus ga ada whitecast juga. Kalo ditimpa make up juga aman ga bikin geser complexion asalkan tunggu kering dulu ya",1 week - 1 month,Traditional Market,zakiatr_ recommends this product!,4,Azarine Calm My Acne Sunscreen Moisturizer,56
Ochoca95,25 - 29,"Combination, Medium Dark, Neutral",2024-09-23,"Kalo udah bingung mau beli sunscreen apalagi, yaudah auto beli ini. Enak banget, cepet banget meresap di kulit, minim whitecast, aman gak berminyak juga kalo udah siang. Dah gak keitung berapa kali repurchase, even mamaku juga suka ğŸ˜‚",More than 1 year,Shopee,Ochoca95 recommends this product!,5,Azarine Hydrashoote Sunscreen Gel,56
Citradesiani,30 - 34,"Combination, Medium, Warm",2024-09-23,"Sunscreen gel Azarine ini enak banget dipakenya. Nggak ada white cast, dingin, cocok dipake di udara yang panas, gampang di blend dan bisa nyatu sama cushion/foundation lainnya. Rekomended sih, patut untuk di coba. Harganya juga cukup ekonomis",3 months - 6 months,Shopee,Citradesiani recommends this product!,5,Azarine Hydrashoote Sunscreen Gel,56
kholifahtur81,30 - 34,"Combination, Medium Dark, Warm",2024-09-21,"Produk ini bagus bgt, bener"" langsung menyerap n gk white cast.. Dtambah ini khusus acne bisa menenangkan kulit yg lagi meradang.. Lembut di kulit...... Harganya jga terjangkau, gk menguras kantong.. Wort it to buy.. #MyEveryDay Make up",1 week - 1 month,Tokopedia,kholifahtur81 recommends this product!,5,Azarine Calm My Acne Sunscreen Moisturizer,61
istyajaa,19 - 24,"Dry, Medium Light, Neutral",2024-09-21,"Aku pakai produk ini dari awal kuliah dan sukak bangett... karena teksturnya sangat melembabkan di kulit aku yang kering, untuk sehari-hari juga ringan banget, dipake diatas make up juga oke, gk merusak make up diatasnya. Selain itu, setelah pemakaian cukup lama aku ngerasa kulit aku cerahan banget dan gak kusam karena produk ini ada kandungan vitamin C yang bikin kuliat aku tampak sehat dan cerah",More than 1 year,Shopee,istyajaa recommends this product!,5,Azarine Hydramax C Sunscreen Serum,61
Tia_Intan,25 - 29,"Dry, Medium Light, Neutral",2024-09-21,"Sunscreen Azarine ini nyaman, tidak lengket ketika diapply. Teksturnya creamy, lembut dan finishnya langsung nge-set gitu jadi kerasa nyaman banget pakenya. SPF nya 50 jadi oke banget buat dipake saat ada aktivitas outdoor, dan harganya juga terjangkau.",1 month - 3 months,Shopee,Tia_Intan recommends this product!,5,Azarine Hydramax C Sunscreen Serum,61
pidharully,25 - 29,"Dry, Medium Light, Neutral",2024-09-21,"Seneng bgt pas nemu sunscreen lokal yg gentle!ğŸ¤© beneran gada bau apapun selain bau kimia, tp ga ganggu kok, pas diapply baunya bener2 ilang.Teksturnya light lotion, superduper gampang diratain! No whitecastğŸ‘ğŸ» enteng bgt feelnya dan ga oily, finishnya beneran skinlike dan cepet bgt ngesetnya. Jd kalo mau pake complexion yg skin-like alias ga terlalu glowy, aku suka pake sunscreen ini.Minusnya cuma lebih pedih drpd skin aqua kalo kena mata pas kecampur keringet atau kena air waktu cuci muka.",1 month - 3 months,Shopee,pidharully recommends this product!,5,Azarine Hydramax C Sunscreen Serum,61
pioyuppi,25 - 29,"Dry, Medium, Neutral",2024-09-21,"Sunscreen ini sangat terjangkau dan mudah ditemukan dimana aja, yg aku suka karena mudah banget nih nyerap ke kulit jadi g nunggu waktu lama lagi buat make up, selain itu cocok di jenis kulit apapun, karena temenku yg beda jenis denganku pun juga pakai ini. Minusnya harus sering banget reapply karena cepet ilang sepertinya kena keringat atau kena air, jadi efek perlindungannya untuk jangka waktu lama kurang maksimal ya",1 month - 3 months,Indomaret,pioyuppi recommends this product!,3,Azarine Hydrashoote Sunscreen Gel,61
meimeithekid,18 and Under,"Oily, Medium Light, Warm",2024-09-21,"Udah lama banget pakai ini dari jaman SMP. LOVEEEEE, matte yang nyaman di oily skin. Gak bikin breakout tpi gal bikin jerawatku mendingan juga. Pokoknya sangat status quo ini. Sayangnya dia bikin kusam kalau udah berjam-jam, tapi aku tetap bertahan karena takut mau ganti sunscreen. Ya emang minusnya itu doang sih: bikin kusam. Spf nya mantep dan riil, sekarang aku pakai skin aqua tutup ijo.",More than 1 year,Sephora,meimeithekid recommends this product!,4,Azarine Hydrashoote Sunscreen Gel,61
PattD59,19 - 24,"Dry, Medium Light, Warm",2024-09-18,"Cocok bgt di aku gatau knp, pdhl buat kulit oily and berjerawat. Ngesetnya bagus bgt dan kyk ngga pake apa-apa. Di aku manfaatnya sedang"" aja, ngga yang wah gmn gitu. Melembabkannya cukup bgt, affordable",6 months - 1 year,Shopee,PattD59 recommends this product!,5,Azarine Calm My Acne Sunscreen Moisturizer,63
jcca1998,25 - 29,",25 - 29",2024-09-18,"Udh banyak coba sunscreen dan rata2 lengket berminyak bikin breakout, smp akhirnya cobain azarine trnyata bagus pol, menyerap di kulit, ga lengket, no white cast, enteng bgt dimuka dan harganya murah ! Cocok bgt ga bikin breakout juga, malah jd bagus kulitnya ! Ini udh botol kelima ku ! Dan msh ada stock 3 pcs ! Hehehe",More than 1 year,Shopee,jcca1998 recommends this product!,5,Azarine Hydramax C Sunscreen Serum,63
pratiwisaraswati,25 - 29,"Combination, Medium, Neutral",2024-09-18,"Memutuskan coba sodaranya si ijo karena butuh vit c biar ngga kusam, and it worked! Teksturnya gel agak creamy, finishnya matte, dan gampang diblend nya. Ngga bikin gerah, kerasa pas aja gitu. Setelah pakai beberapa lama, wajah agak cerahan, suka deh!",1 month - 3 months,Tokopedia,pratiwisaraswati recommends this product!,5,Azarine Hydramax C Sunscreen Serum,63
andierrina12,19 - 24,"Combination, Medium Light, Cool",2024-09-18,"sunscreen lokal yang mudah didapat di offline store, mengandung ekstrak alami yang bermanfaat bagi kulit wajah, seperti Royal Jelly untuk meningkatkan produksi kolagen, vit. c, hyaluronic acid, ceramide, dan centella asiatica.Sunscreen lokal satu ini sempat booming di berbagai media sosial berkat finishnya yang matte namun cepat meresap kekulit.sangat rekomendasiâ™¡",3 months - 6 months,Indomaret,andierrina12 recommends this product!,5,Azarine Hydrashoote Sunscreen Gel,63
Dellalizaa,19 - 24,"Oily, Medium, Neutral",2024-09-18,"Approve bgttt, udah 2 tahunan pake ini gapernah tergoda sama ss yang lain. Ingredients nya ga aneh-aneh dan udah cocok bgt di kulit aku, azarine juga sekarang udah banyak ngeluarin jenis sunscreen but if you ask for reccomend the answer is si hijau iniii ğŸ’šğŸ’šNo complain good job azarine",More than 1 year,Shopee,Dellalizaa recommends this product!,5,Azarine Hydrashoote Sunscreen Gel,63
Moshimosh,19 - 24,"Oily, Medium Light, Neutral",2024-09-17,Pas awal buka agak skeptis sama tekstur nya karna thick. Tapi pas di apply bener bener melt dan adem + cepat meresap. Di blend juga aman banget. No whitecast! My bestt sunscreen dengan harga yg affordable dan biasanya aku juga pake ini aja untuk daily karna cukup melembabkan dan ga kusem.,6 months - 1 year,Shopee,Moshimosh recommends this product!,5,Azarine Calm My Acne Sunscreen Moisturizer,57
arzahra,25 - 29,"Combination, Medium Light, Neutral",2024-09-17,Andalan kalo kulit lagi berjerawatâœ¨ Teksturnya lebih ringan dan lembab drpd versi hydrasootheâ€”direkomendasikan buat kulit berjerawat since its SPF 30 dan bisa calming redness juga. Cuma menurutku di kulitku yg dehidrasi calm my acne ini masih kurang lembab kl buat skipcare jd harus pake moist dulu ğŸ™ƒ,More than 1 year,PR Package,arzahra recommends this product!,4,Azarine Calm My Acne Sunscreen Moisturizer,57
arzahra,25 - 29,"Combination, Medium Light, Neutral",2024-09-17,"Ss Azarine terfavoriteğŸ˜ğŸ˜ udah ada kandungan Vitamin C yang bagus buat kulit cerah dan glowing ğŸ˜™ Teksturnya gel ringan, lembab, dan satin finishâ€”nyaman dan ga sumuk buat combi-oily skin âœ¨Mau dipakein makeup atau tanpa makeup sama sama cakepğŸ§¡",3 months - 6 months,Tokopedia,arzahra recommends this product!,5,Azarine Hydramax C Sunscreen Serum,57
najwfahr,18 and Under,"Combination, Medium Light, Neutral",2024-09-17,"setelah aku coba ss azarine ini, gapernah lagi aku berpaling, tekstur oke, lembab iya, harganya juga masih di kantong pelajar, tapi kalo dipake di bawah makeup kadang bikin cakey, jadi harus tunggu nge set dulu, overall i loved it",More than 1 year,Shopee,najwfahr recommends this product!,5,Azarine Hydrashoote Sunscreen Gel,57
mphiiw,30 - 34,"Oily, Medium, Neutral",2024-09-17,Salah satu sunscreen favorit karna tidak membuat kulit berminyak selain itu mudah menyerap dan gampang di dapat di offline store.. Sudah lebih dari 6 bulan pakai sunscreen alhamdulillah tidak brakeout..,6 months - 1 year,Shopee,mphiiw recommends this product!,5,Azarine Hydrashoote Sunscreen Gel,57
yepporara,19 - 24,",19 - 24",2024-09-16,"menurut aku pribadi, ini sunscreen ternyaman, ngga berat di muka, ngga bikin kusem, trus ngebantu mudarin bekas jerawat juga (sekitar 6 bulan) bks jerawatku pudar, ohiya type kulitkukombinasi + acne, harganya oke, aman di kanton pelajar....",More than 1 year,Shopee,yepporara recommends this product!,5,Azarine Calm My Acne Sunscreen Moisturizer,74
anggiwpn,25 - 29,"Oily, Medium Light, Neutral",2024-09-16,"Udah pakai ini selama sebulan lebih, teksturnya cream bening macam gel gitu jadi ga akan bikin muka putih2 gitu, karena saat di aplikasikan dimuka dia bening gitu ada efek dingin2nya jugaa. Tidak berminyak di muka dan kl udah set jadi matte gitu.",1 week - 1 month,Guardian,anggiwpn recommends this product!,5,Azarine Calm My Acne Sunscreen Moisturizer,74
Ekahnf04,19 - 24,"Normal, Medium, Neutral",2024-09-16,"Sunscreennya ngga bikin kusam dan nyaman banget dipakeğŸ˜, ngga bikin muka jd oily dan ngga bikin kering jugaa super ringannRecommended bgt untuk kalian yg baru mau nyobain suncreen, aku udh pake sebulanan dan bruntusan jd berkurang, luvvvv bgtt bgttt",1 month - 3 months,FD Try and Review,Ekahnf04 recommends this product!,5,Azarine Hydrashoote Sunscreen Gel,74
luthfiahrnr_,19 - 24,"Combination, Medium, Neutral",2024-09-10,pas awal produk nya dikeluarin teksturnya kayak agak thick tapi setelah di blend jadi ringan dan nyaman banget. untuk merawat jerawat aku ngga terlalu merhatiin tapi emang calming kemerahan di kulitku. gaada whitecast dan nyatu bgt sama makeup.,1 week - 1 month,mitufaya,luthfiahrnr_ recommends this product!,4,Azarine Calm My Acne Sunscreen Moisturizer,59
Julyblue,19 - 24,"Oily, Light, Cool",2024-09-10,"Teksturnya gel jadi cocok buat yang nyari sunscreen tapi gampang nyerap, as honest review azarine in agak perih Dimata apalagi pas kena air atau keringet, mata aku yang sensitif langsung kelabakan. Jadi ngga aku Purchase lagi karena kurang cocok",3 months - 6 months,Shopee,Julyblue doesn't recommend this product!,2,Azarine Hydrashoote Sunscreen Gel,59
Fajarind,19 - 24,"Combination, Medium Dark, Neutral",2024-09-10,"Jujur aku waktu itu lagi mencari sunscreen yang cocok karena udah coba beberapa merek kurang maksimal di wajah bahkan ada yang bikin kusam dan nimbulin jerawat. Setelah ku coba pake ini bener bener ngefek banget, sangat ringan di wajah efeknya calm di kulit aku dan ga bikin kusam. Jujur dengan harga segini it works siii",6 months - 1 year,Tiktok Shop,Fajarind recommends this product!,5,Azarine Hydrashoote Sunscreen Gel,59
Liamel,19 - 24,"Oily, Medium Light, Neutral",2024-09-03,"Bagus bangett untuk kulit aku yang kombinasi, dan suka merahâ€. dia tekstur nya ringan banget di kulit, dan ada sedikit sensasi cooling nya waktu dipake. Ga bikin close komedo karna dia ringan banget kayak pake moist, aku sebenernya udah cocok sama ss azarine yang biasa itu, tpi ini ternyata lebih bagus lagi kandungan nya buat kulit jerawatan",1 week - 1 month,Alfamart,Liamel recommends this product!,5,Azarine Calm My Acne Sunscreen Moisturizer,70
cibed,30 - 34,"Dry, Medium, Neutral",2024-09-03,"Gue menyadari sih kulit kering itu cenderung kusem makanya gue milih produk skincare yang ada kandung Vitamin C nya. Termasuk sunscreen! It works excellently for my skin. Teksturnya ringan dan ada sensasi dinginnya plus cepet meresap, dan ga ada whitecase.",1 week - 1 month,Shopee,cibed recommends this product!,5,Azarine Hydramax C Sunscreen Serum,70
salsabiladhea,19 - 24,"Dry, Light, Cool",2024-09-03,"Nyoba pake ini gara gara fomo semua orang beli ini wkwkwkw, ternyata di aku kulit yg kering kurang cocok, bikin agak kusam dan kurang tahan lama, seharusnya kalau kulit kering pake yang physical sunscreen, jadi yaaaa biasa aja sih ini",1 month - 3 months,Shopee,salsabiladhea recommends this product!,3,Azarine Hydrashoote Sunscreen Gel,70
diahry12_,19 - 24,"Oily, Medium, Neutral",2024-09-03,"Sunscreen azarine yang katanya cocok untuk all skin type termasuk tipe kulit berminyak dan acne prone, ga ada white case, hasilnya finish natural. Itu yang katanya tapi nyatanya di aku yang tipe kulit berminyak dan acne prone bener-bener cocokâ¤ï¸ karena dia teksturnya gel jadi gampang di blend dan mudah menyerap. Pas dipake tuh kaya ada sensasi dingin seger gt, udh gitu beneran no white case dan hasilnya bener"" natural. Oiyaa sunscreen ini di aku juga ga bikin muka jadi kusam, soalnya ada beberapa sunscreen yang bikin muka aku jadi kusam, terus juga sunscreen ini ringan bgt di muka â¤ï¸",More than 1 year,Shopee,diahry12_ recommends this product!,5,Azarine Hydrashoote Sunscreen Gel,70
m_michel,19 - 24,"Combination, Light, Neutral",2024-09-02,"Ini sunscreen bagus banget untuk yang ga mau pake moisturizer tapi langsung suncreen, karena lemba-in nya dapet banget untuk kulit kombinasi oily mendekati normal dan normal mendekati kering kayak aku, tapi aku tetep sarankan buat pake moisturizer dulu sih biar kelembaban kulit terjaga seharian.",More than 1 year,Shopee,m_michel recommends this product!,5,Azarine Calm My Acne Sunscreen Moisturizer,70
Salsabilaa31,19 - 24,"Combination, Medium, Neutral",2024-09-02,"sunscreen ini enak bgt dipakenya adem gitu, teksturnya gel yg gampang meresap di kulit. untuk mencerahkan kayanya biasa aja sih, cuma aku suka kalo kena mata dia ga perih dan ga ada efek yg gimana gimana selama pemakaian. sunscreennya juga melembabkan.",1 month - 3 months,Shopee,Salsabilaa31 recommends this product!,5,Azarine Hydramax C Sunscreen Serum,70
isazarine,25 - 29,"Combination, Medium, Neutral",2024-09-02,"teksturnya gel putih bening gitu, setelah diaplikasiin ke wajah gak lengket dan gak bikin sumuk. gampang bangeg diblendnya. ditimpa make up pun dia gak pelling. ohiya, dia juga bikin lembab wajah. untuk wajah berjerawat aman bgt. luvv pokonyaa",1 month - 3 months,Watson,isazarine recommends this product!,4,Azarine Hydrashoote Sunscreen Gel,70
chevonne25,19 - 24,"Oily, Light, Cool",2024-09-02,"it's a chemical sunscreen ya guys! secara keseluruhan tidak ada keluhan dalam menggunakan sunscreen ini pokoknya GOOD! gasalah sunscreen ini pernah menjadi sunscreen viral sampai susah nyarinya pada saat itu. okee, teksturnya gel-creamy ketika dibalurkan di wajah rasanya seperti menggunakan gel. ketika digunakan juga rasanya ringan, tidak ada baunya, mudah dibalurkan. ketika muka lagi merah2 pakai susncreen ini lumayan meredakan kemerahannya. ketika diaplikasikan di wajah perlu waktu untuk menyerap setelah itu jadi matte dikulit. tapi karena ini chemical sunscreen, diwajah oily akan menghasilkan minyak lebih banyak setelah beberapa jam sehingga lebih mudah untuk muncul komedo. mungkin untuk yang memiliki dryskin agak kurang cocok karena kurang melembapkan (bisa pakai moisturizer dulu). oh yaaa.. ini tuh ga waterproof dan sweat resistant, sehingga harus di re-apply setiap 2-4 jam sekali supaya ga gosong ya ges. setelah menggunakan sunscreen ini pokoknya kek pakai moisturizer aja gaada yang namanya whitecast, namanya juga karena chemical sunscreen. overall aku suka pakai ini karena kalau lagi breakout ini sunscreen teringan yang aku punya. jadi walaupun agak love-hate tapi dia tetap harus ada di meja skincare aku sebagai penolong ketika lagi breakout. oke, untuk hal yang aku kurang suka dari sunscreen ini, kalau makeup bisa pilling, engga makeup pun easily untuk pilling. terkadang juga karena kurang melembapkan maka dry patches ketika makeup ataupun ga makeup akan lebih terlihat. lagian bisa diakali kokkk untuk pakai balm stick dibagian dry parches, untuk pillingnya blm bisa aku temukan tips n tricknya.thankyou!!!",1 month - 3 months,Shopee,chevonne25 recommends this product!,4,Azarine Hydrashoote Sunscreen Gel,70
NadiaLuthfita,19 - 24,"Oily, Medium Dark, Neutral",2024-09-01,"Udah repuscase berapa kali? Banyak! Udah 6+ ss Azarine pakenya. Dari jaman sekolah sampai dah lulus masih pake karena secocok itu sama kulitku. Pie aku perlahan memudar karena sering aku totolin pake ss Azarine ini. Mana murah lagi, sukaa sampe titik terakhir!",More than 1 year,Tokopedia,NadiaLuthfita recommends this product!,5,Azarine Calm My Acne Sunscreen Moisturizer,88
Eli0102,40 - 44,"Oily, Medium Light, Cool",2024-09-01,"Azarine hydramax c sunscreen ringan dipakenya, sydah ada kandungan vitamin C nya juga, bikin kulit terlindung dari sinar UV secara maksimal. Ada oil controlnya juga, di kulitku dia ga bikin tambah berminyak setelah diaplikasikan malah finishnya matte . Bagus buat pemakaian sehari-hari.",1 week - 1 month,Indomaret,Eli0102 recommends this product!,4,Azarine Hydramax C Sunscreen Serum,88
atikahsaidah29,19 - 24,"Dry, Medium, Neutral",2024-09-01,"ga bisa deskripsiin ss azarine hydramax C ini. coba produk sunscreen yg lain slalu balik lagi kesini. cocok bgt buat kulit aku yg dry, ga bikin lengket, gampang bgt buat di blend, ini combo bgt kalo dipakein sm serum vit C. packagingnya oke bgt buat travel friendly, tapi kalo bisa bikin versi yg gede dongggğŸ˜­â£ï¸",More than 1 year,Shopee,atikahsaidah29 recommends this product!,5,Azarine Hydramax C Sunscreen Serum,88
Heidista,30 - 34,"Combination, Light, Warm",2024-09-01,"Setelah cocok dgn sunscreen azarine yg spf 50 serum vit C, lalu coba eksplor yang ini. Ini kemasan besarnya tinggi ya banyak (50ml) dgn harga yg sama yang spf 50 vit C (40ml). Bedanya ini finishnya lebih ke matte dan gel. Ini cocok buat oily, kl yg oren kan lebih ke dewy. Suka sama semua sunskrin azarine, karena dia ga white cast, smooth dan ga ada fragnance.",1 week - 1 month,Shopee,Heidista recommends this product!,5,Azarine Hydrashoote Sunscreen Gel,88
atikahsaidah29,19 - 24,"Dry, Medium, Neutral",2024-09-01,"awal awal cocok buat dikulit aku yg kering tp lama2 kerasa ga enak dan jadi bruntusan, tp kalo lg kepepet diluar lupa bw ss, varian ini gampng bgt di cari store offline . dan menurutku ini lebih cocok buat kulit normal to oily.",1 month - 3 months,Shopee,atikahsaidah29 recommends this product!,3,Azarine Hydrashoote Sunscreen Gel,88
amyunic,25 - 29,"Combination, Light, Neutral",2024-08-28,"One of the best sunscreen!! Karena ini salah satu sunscreen yg bener-bener aman di kulit aku yg super sensitif dan super acne prone. Susah bgt nyari sunscreen yg aman di kulit aku, karena gampang perih, gampang merah, dan rentan berjerawat. Sunscreen Azarine yg ini teksturnya creamy lotion yg ringan, langsung melting di kulit, langsung menyerap, dan pas di apply ada sedikit sensasi cooling + calming. Bener-bener nyaman dipake banget, ga berat dipake aktifitas. Dan sunscreen ini ga nambah oily di tzone, tapi melembabkan di area lain. Juga ga bikin mata perih. Definisi perfect sunscreen for sensitive-acne prone skin. Apalagi harganya yg affordable. Sungkem sama Azarine!!",1 month - 3 months,Shopee,amyunic recommends this product!,5,Azarine Calm My Acne Sunscreen Moisturizer,79
syifaamz,19 - 24,"Combination, Medium, Cool",2024-08-28,"untuk wajah yang berjerawat, cocok banget di muka aku dan ga berat juga di muka. cepat meresap, buat yg acne prone boleh coba produk azarine yg spf 35 PA +++ sangat akuu di rekomendasikan. ramah dikantong dan hasilnya ga kaleng-kaleng sukakk bangettt",1 month - 3 months,Shopee,syifaamz recommends this product!,5,Azarine Calm My Acne Sunscreen Moisturizer,79
mayha,30 - 34,"Combination, Medium Light, Neutral",2024-08-28,"Kalau pakai ini jadi gak perlu lagi pake vitamin c serum sebelum pake sunscreen, enakeun gampang diblend ringan gak bikin berminyak, lembab. Yang aku notice pake ini tu lama lama ga kusem tapi bantu mencerahkan wajah, dipake dibawah makeup juga masih aman di aku.",1 week - 1 month,PR Package,mayha recommends this product!,5,Azarine Hydramax C Sunscreen Serum,79
aqillahastri,19 - 24,"Combination, Medium Dark, Warm",2024-08-28,"Sunscreen ini tidak berbau, dan teksturnya itu seperti gel yang agak padat, ketika dituang ke tangan dia gel yg stiff gitu bukan yang cair ngalir. Walaupun teksturnya seperti gel, sepengalan aku yang pakai, susnscreen ini terasa agak berat diwajah, habis dipakai itu terasa gerah dan sumuk. Aman dari whitecast dan dikulitku sepertinya tidak bikin kucel. Dengan rangkaian skincareku dia ga peeling sih. Menurutku produk ini bagus, tapi level viralnya melebihi kualitasnya sih.",1 month - 3 months,Shopee,aqillahastri recommends this product!,4,Azarine Hydrashoote Sunscreen Gel,79
najwaaulia_18,19 - 24,"Oily, Medium, Neutral",2024-08-28,"beli ini pas lagi hype banget sunscreen ini, udah repurchase 2x. teksturnya ringan baget gk whitecast dan cepet nyerap ke kulit. tapi setelah pake ini tuh berasa kulit jadi kusam setelah tau ternyata ini termasuk chemical sunscreen yang memang cara kerjanya menyerap panas uv",3 months - 6 months,Shopee,najwaaulia_18 doesn't recommend this product!,3,Azarine Hydrashoote Sunscreen Gel,79
Dyann,19 - 24,"Combination, Medium Dark, Warm",2024-08-23,"Ss nya ringan banget dan cepet nyerepnya. Dulu pas jerawatku meradang aku masih pake dan foilaaa malah bantu dikit dikit calmingkan jeriwit dong dengan waktu yang gak singkat tentunyaâ˜ºï¸Udah habis bertube tube ini akunya udah gak kehitung lagi, skrg sih selalu nyetok pokoknya!",3 months - 6 months,Shopee,Dyann recommends this product!,5,Azarine Calm My Acne Sunscreen Moisturizer,78
Maxwell94,30 - 34,"Combination, Medium Dark, Warm",2024-08-23,"Awalnya enak. Cepat meresap, gak ada bau yang anehÂ² dan proteksinya cukup ok. Tapi lama kelamaan entah kenapa muka tuh jadi berminyak banget dan kusam! Jarang jarang saya pakai chemical sunscreen itu sampai kusam di muka. Awalnya saya kira karena polusi aja tapi ternyata karena sunscreen ini. Sayang banget padahal teksturnya super nyaman buat oily combination skin",1 month - 3 months,Shopee,Maxwell94 doesn't recommend this product!,3,Azarine Hydrashoote Sunscreen Gel,78
RegitaApriliani,18 and Under,"Combination, Medium Light, Neutral",2024-08-23,"Sunscreen ini bener-bener ringan banget ga, cepet merasakan juga gada white cast sama sekali,ga bikin perih dimata juga dari segi harga juga cukup affordable buat anak-anak sekolahan. Jadi sunscreen ini cocok banget buah anak sekolahan",1 month - 3 months,Shopee,RegitaApriliani recommends this product!,5,Azarine Hydrashoote Sunscreen Gel,78
lisanvra,19 - 24,"Dry, Light, Neutral",2024-11-19,"Selama aku pake sunscreen ini selama kurleb 2 tahun diaku ini oke banget. Apalagi buat tipe kulit kayak aku yang dry, ini ga bikin tambah kering. Sukanya dia gaada wanginya jadi ga mengganggu, no whitecast, dan juga diaku produk ini cepat meresap. So highly recommendedğŸ‘ğŸ»",More than 1 year,XBeauty by Female Daily,lisanvra recommends this product!,5,Azarine Hydramax C Sunscreen Serum,42
syifazzahr,19 - 24,"Combination, Medium Light, Neutral",2024-11-19,"Bagus bgt untuk kulit berjerawat dan berminyak, aku setelah pkai sunscreen ini wajahku ada efek cerahnya dan ngecalming juga untuk kulit yg kemerahan, aku pakai iji sudah setahun lebih hihi cocokk bangettt, price nya pun ramah di kantong #skincareempties",1 month - 3 months,Official Brand Store,syifazzahr recommends this product!,5,Azarine Hydrashoote Sunscreen Gel,42
Daneraalf,19 - 24,"Combination, Medium, Warm",2024-11-19,"Love hate sama ni produk, padahal teksturnya enak banget di kulit gabikin gerah atau sumuk, tapi ada aja numbuh jerawat kalo pake ini, lepas dari ini malah jarang muncul jerawat, harganya standar jadi sekarang udah gamake lagi, mungkin karena ada silicone ga cocok di aku nyumbat pori jadi gampang jerawat",1 week - 1 month,Shopee,Daneraalf recommends this product!,3,Azarine Hydrashoote Sunscreen Gel,42
nurultikaa,19 - 24,"Normal, Medium, Neutral",2024-11-08,"Akhirnya aku ketemu dengan ss yang cocok dikulitku, btw tipe kulitku normal to dry. Sunscreen azarine mngandung serum dengan spf 50+++ yg bagus utk melindungi kulit dari paparan sinar matahari. Di aku selama 4 bulan pemakaian kulit ku jadi sehat, lembab dan glowwing.",1 month - 3 months,Official Brand Store,nurultikaa recommends this product!,5,Azarine Hydramax C Sunscreen Serum,54
dhonks,45 and Above,"Combination, Medium Dark, Warm",2024-11-08,"Pake produk ini untuk melundungi muka biar aman dari terpaan dan deraan sinar matahari, rasanya ooe sii dan gak lengket udah gitu teksturnya lembut. Kemasan oke denganbperpaduan warna yang menarikWorth it price lah menurutku. Recommended",3 months - 6 months,Lazada,dhonks recommends this product!,4,Azarine Hydrashoote Sunscreen Gel,54
Audita14,30 - 34,"Combination, Medium, Neutral",2024-11-08,"Siapa yg pake sunscreen berbeda utk di Wajah dan di leher? Sunscreen ini spesial utk penggunaan di leher di saya yah. Utk wajah saya menggunakan exclusively mineral sunscreen. Leher kan banyak lipatan dan pergerakan ny yah, menunduk, mendongak, menoleh, dll dan mineral sunscreen pasti makin kelihatan whitecast-nya pas keringatan tuh, streaky, dan mengumpul putih nya terutama di liputan leher. So, saya pake chemical sunscreen di leher. Saya suka, merekomendadikam dan akan terus lanjut menggunakan..",3 months - 6 months,Shopee,Audita14 recommends this product!,5,Azarine Hydrashoote Sunscreen Gel,54
miyah,30 - 34,"Combination, Medium, Neutral",2024-10-23,"sesuka itu sama sunscreen ini, selalu repurchase, spf-nya 50 PA++++ proteksi full buat yang mau aktivitas outdoor, tetep wajib reapply yaaacocok buat yang punya kulit kering, bikin glowing tapi gak bikin kusam,luv â¤ï¸",More than 1 year,Shopee,miyah recommends this product!,5,Azarine Hydramax C Sunscreen Serum,57
wulanlarassaty,25 - 29,"Combination, Medium, Neutral",2024-10-23,"Sunscreen terringan karna teksturnya gel jadi mudah banget untuk ngebland dan langsung meresap, cocok untuk semua jenis kulit, dipakai sebelum makeup pun aman tidak geser makeupnya, dan buat kalian yg rutin treatment ini sunscreen cocok bgt dipakai setelah nya",3 months - 6 months,Shopee,wulanlarassaty recommends this product!,5,Azarine Hydrashoote Sunscreen Gel,57
yourcindybae,19 - 24,"Oily, Medium Light, Warm",2024-10-23,"Cinta banget sama Azarine karna ga overclaimğŸ«¶ğŸ»Selama pake sunscreen ini bener bener ga ada efek aneh aneh, walaupun terpapar sinar matahari cukup intens karna aku pekerja lapangan tapi asal rajin reapply bener bener ga bikin belang. Perlindungan SPF nya bener bener nampol bgtğŸ«¶ğŸ»ğŸ«¶ğŸ» mau sungkem sama yg ownernyağŸ™ğŸ»ğŸ™ğŸ»",6 months - 1 year,Shopee,yourcindybae recommends this product!,5,Azarine Hydrashoote Sunscreen Gel,57
Chloe25,25 - 29,"Combination, Medium, Neutral",2024-10-07,"Sunscreen dari azarine ini emang the best lah. Aku baru nemuin sunscreen yang ketahanannya sebagus ini, pokoknya engga takut belang lagi. Teksturnya yang creamy dan tidak menyengat sama sekali. Perlindungan maksimal dengan 3 ruas jari. Aku tuh paling suka sama sunscreen yg ukurannya medium kek gini.",1 week - 1 month,Traditional Market,Chloe25 recommends this product!,5,Azarine Hydramax C Sunscreen Serum,50
syifaanisatr,25 - 29,"Combination, Medium, Warm",2024-10-07,"Salah satu my fav sunscreen hihi, suka banget cepat nyerapnyaaaa dimuka & gak lengket sama sekali!!!! Mudah ditemui dimana2 sekarang guys, cusss yang belum TRY, TRY yukkkk lindungi wajahmu sedari dini biar nanti tidak ada noda2 hitamğŸ™ğŸ½ğŸ«µğŸ¾ğŸ¤ªğŸ¤ªğŸ¤ª",6 months - 1 year,Alfamart,syifaanisatr recommends this product!,5,Azarine Hydrashoote Sunscreen Gel,50
genn,19 - 24,"Oily, Light, Neutral",2024-09-07,"Best sunscreen I've ever purchased!! Sunscreen ini non white cast, trus light weight jugaa. Cocok buat jadi rangkaian skin prep sihh soalnya dia cepat nyerap dan ga bikin base make up ngeser gitu. Di kulit oily ku jujur dia tetap bikin minyakan, cuma menurutku ini lebih oke daripada yang hydrashoote since dia gaada bikin sensasi kulit ketarik dan ga kusem gitu. DEFINITELY REPURCHASE",1 month - 3 months,Shopee,genn recommends this product!,5,Azarine Hydramax C Sunscreen Serum,59
alifyayuniar,25 - 29,"Oily, Medium, Neutral",2024-09-07,"Local pride user harus coba ini. Sunscreen nya bagus, gak lengket, mudah menyerap juga, gampang di apply cocok banget buat yang muka nya oily kaya aku. Untuk daily ini cocok banget gak ninggalin whitecast.",6 months - 1 year,Shopee,alifyayuniar recommends this product!,5,Azarine Hydrashoote Sunscreen Gel,59
shasafaz,19 - 24,"Combination, Medium Light, Neutral",2024-09-07,"udah dari sma aku pake ini, sekarang uda mau lulus kuliah... bagus banget, ga lengket, cepet ngeresap, dannnn yg pasti no whitecast yaaa.... overall selama aku pake ini, ga kenapa napa sii yaa, tp sekarang aku uda gantii kee azarine yg biruuu mungielll. itu juga nampol, reviewnya ada di setelah ini yaa wkwkwkw",More than 1 year,Shopee,shasafaz recommends this product!,5,Azarine Hydrashoote Sunscreen Gel,59
iamindahagustina,25 - 29,"Combination, Medium Dark, Warm",2024-08-30,"Setiap hari aku pakai sunscreen ini, apalagi di Karawang kan panas banget ya, wajib banget pakai. Yang aku suka ini tuh cepat meresap, nggak bikin kulit wajah abu-abu, ada vit C-nya, dan udah SPF 50 PA++++. The best, pokoknya aku suka banget. Kalau udah mau abis, kemasannya aku gunting jadi 2 bagian. Karena sayang banget, di dalamnya masih ada banyak ğŸ¤­ğŸ˜‚. Pokoknya harus sampai habis!",More than 1 year,Shopee,iamindahagustina recommends this product!,5,Azarine Hydramax C Sunscreen Serum,80
MaDaffa,35 - 39,"Normal, Medium, Neutral",2024-08-30,"Bagus banget...dengan menggunakan sunscreen azarin yang hydramax bikin kulit cerah, flek hitam lama kelamaan jadi memudar, tidak bikin kulit berminyak,teksturnya sangat lembut tidak lengket, pokoknya recomend banget....",3 months - 6 months,Shopee,MaDaffa recommends this product!,5,Azarine Hydramax C Sunscreen Serum,80
shopiaardhanaa,19 - 24,"Combination, Medium, Neutral",2024-08-30,awalnya fomo HAHAHAHA!! tapi sempet takut juga pake ini karena mukamu sensitive dan banyak jerawat + bekasnya juga but a long story short dah pake ini selama more than 3 years mukaku jadi allhamdulilah membaik kirain bakalan melindungi dari matahari doang terrnyata membantu merawat acne ku juga,More than 1 year,Shopee,shopiaardhanaa recommends this product!,5,Azarine Hydrashoote Sunscreen Gel,80
minty,19 - 24,"Oily, Light, Cool",2024-11-20,"enak banget teksturnya, ini favoritku kedua setelah yg buat acne. dia cocok buat oily/combi skin dan ga peeling dipakai dibawah makeup. perfect for daily use! dan isinya banyak ada yg versi gentong 100ml :D",Less than 1 week,Shopee,minty recommends this product!,5,Azarine Hydrashoote Sunscreen Gel,39
wiilnaayaya,19 - 24,"Combination, Medium Dark, Neutral",2024-11-20,"awal pake ini, beneran bagus! ga bikin kulit kusam sama sekali. tekstur nya juga enak buat di blend ke muka. harga nya juga ramah di kantong, makannya repurches sampe 3x. tapi pas coba ke brand lain abis itu balik lagi ke ss azarine ini, gatau kenapa malah jadi kusamğŸ˜£ tapi overall aku sukak kokk!!",1 month - 3 months,Guardian,wiilnaayaya recommends this product!,5,Azarine Hydrashoote Sunscreen Gel,39
Philly99,30 - 34,"Combination, Medium Light, Neutral",2024-11-20,"Aku cocok banget pake sunscreen azarine, awalnya aku pakai yg spray biar praktis eh pas coba yg ini enak juga, gak bikin oily di kulitku dan gak gampang lengket, reapply juga enak banget, must try sih bakal repurchase lagi yey !!",1 month - 3 months,Shopee,Philly99 recommends this product!,5,Azarine Hydrashoote Sunscreen Gel,39
Tatagils2,25 - 29,"Normal, Dark, Neutral",2024-11-18,"Ohalaaw, skg aku tau sih kenapa azarine sunscreen hydrasoothe bagus bgt, awalnya coba pake yg kecil dulu 30ml, eh jadi beli yg 110ml karna suka sama sunscreen azarine ini, pas dipake ada sensasi dingin ya, lembab gitu kaya abis cuci muka terus kering, aku ngerasa seger sih pake ini mungkin karna kulit jadi terhidrasi, dan teksturnya juga Gel milky gitu, gampang diblend ga ninggalin whitecase juga sih aman, ringan juga, pokonya aku suka",1 week - 1 month,Instagram,Tatagils2 recommends this product!,5,Azarine Hydrashoote Sunscreen Gel,48
yunisaan,25 - 29,"Combination, Medium Light, Cool",2024-11-18,Azarine tuh akh bener2 pake pas lagi hype2nya sekitar 2 taun kebelakang WKWKWKW sampe skrg jugaksi. Love n hate aja deh dr awalnya cocok bgt parah sampe skrg ya so so gtğŸ¥²ğŸ¥² kayanya semenjak ganti formula diaku kaya gampang breakout gt deh hiks sedih tp ttp dipake buag leher dan pasti repurchase terus. Love azarine ss tuh dia ga bikin sumuk trs gampang nyerepnya kaya ga pake ss gapanas gak bikin sumuk. Hate-nya kdg bikin jerawat kecik2 gt hiks tp grgr pake azarine org2 rumah ngikutin dan istiqamah sampe skrgğŸ¤©ğŸ™ğŸ¤©ğŸ™,1 month - 3 months,Beautyhaul,yunisaan recommends this product!,4,Azarine Hydrashoote Sunscreen Gel,48
azkinafara,19 - 24,"Oily, Medium, Neutral",2024-11-16,"Udah 4x ganti merk sunscreen tp masih gaada yg cocok. Akhirnya thn 2022 beli ss azarine pure iseng karena BA nya Lee Min HoğŸ˜­ğŸ˜­lah kok cocokğŸ˜keterusan deh sampe sekarang. Sangat amat ringan dan nyaman, cepat meresap, COCOK POKOKNYA. Best sunscreen ğŸ’‹ğŸ’‹",More than 1 year,Shopee,azkinafara recommends this product!,5,Azarine Hydrashoote Sunscreen Gel,49
rasellamutiara,19 - 24,"Combination, Medium, Neutral",2024-11-16,Suka banget sama texture sunscreennya karna ringan dan gak whitecast sama sekali pas diaplikasin ke wajahku yang sensitif ini huaaa plus ini aku beli ps jakarta x beauty dan dapet pc nya lee min hoo hahaha happy bgt udah cocok malah dapwt pc ayangku,3 months - 6 months,XBeauty by Female Daily,rasellamutiara recommends this product!,5,Azarine Hydrashoote Sunscreen Gel,49
nawrahzhafirahh,19 - 24,"Combination, Medium Light, Neutral",2024-11-09,"Rekomended! Sunscreenazarine tidak lengket, cepat meresap, cocok untuk segala kulit, saking bagusnya aku juga rekomendasiin sunscreen azarine ke teman-teman dan keluargaku dan terbukti dimereka juga cocok, tidak bikin iritasi kulit atau semacamnya, worth to buy!",6 months - 1 year,Shopee,nawrahzhafirahh recommends this product!,5,Azarine Hydrashoote Sunscreen Gel,55
multifangs,18 and Under,"Oily, Medium, Neutral",2024-11-07,Ini texturenya gel gitu kan jujur di aku gaada adem2nya sih.. btw Aku sempet pake seminggu-2 minggu gitu non stop dan menurut aku kurang cocok buat jangka panjang. Dia bikin kusem gitu pas siang jam 2an zzz jam 2.30 udah minyakan (aku pake kalo ga de jam7 jam 9 karna aky kuliah) entah menurut aku yg acne prone skin lebih pilih yang sunscreen agak bedak ada powder di dalemnnya gt sih drpd gel cream,1 month - 3 months,Guardian,multifangs doesn't recommend this product!,2,Azarine Hydrashoote Sunscreen Gel,55
virlyalicia,19 - 24,"Oily, Light, Neutral",2024-11-07,"Belum ada niatan ganti sunscreen lagi semenjak pake azarine hydrasoothe ini. Teksturnya ringan, meresapnya gampang, gak greasy juga pas dipake, nyaman pas reapply dan harganya sangat affordable, ada fragrance tp soft banget wanginya ğŸ˜­ğŸ‘Œ",3 months - 6 months,Shopee,virlyalicia recommends this product!,4,Azarine Hydrashoote Sunscreen Gel,55
nurainaputrip,25 - 29,"Oily, Medium Light, Neutral",2024-11-06,"Sunscreen terbaik dari azarine yg bisa dipake sama aku dengan kulit oily dan sensitif banget ğŸ˜‚Pokoknya kalo pagi skin prep nya, toner, serum, dan langsung pake sunscreen ini karna udah ngebantu nge lembapin kulitTekstur nya juga gampang di blend dan nyerap, ga ada peeling atau white cast, bener bener nyaman sih pake si hydrasoothe ini",6 months - 1 year,Shopee,nurainaputrip recommends this product!,5,Azarine Hydrashoote Sunscreen Gel,58
Sekar92,30 - 34,"Dry, Medium Light, Cool",2024-11-06,"pas lagi viral-viralnya, aku juga ikut coba pake sunscreen yang satu ini. Menurut aku oke banget di muka apalagi kulitku tipe yang kering, jadi pake ini tuh langsung melembabkan rasanya. Jadi berasa gak pake sunscreen, tapi pake moisturizer. Tapi ya udah gitu aja. Dan aku gak repurchase lagi sih untuk yang ini. Karena lebih suka yang varian orennya, yang ada vit c gitu kalo gak salah",1 month - 3 months,Shopee,Sekar92 recommends this product!,4,Azarine Hydrashoote Sunscreen Gel,58
dindafebrianisyah,19 - 24,"Oily, Medium Light, Neutral",2024-10-30,"pengalaman sayas sejak menggunakan produk ini sangat bagus dan juga ringan saat di gunakan cocok untuk kulit oily dengan tekstur mudah di bland dan hargany pun cocok untuk pelajar, spf ny juga sudah oke untuk di gunakan di outdoor , jangan sampai skip sunscreen!!!!",More than 1 year,Brand Website,dindafebrianisyah recommends this product!,4,Azarine Hydrashoote Sunscreen Gel,47
fzshakira_,19 - 24,"Combination, Medium Light, Neutral",2024-10-30,"suka banget sama tekstur gel nyağŸ˜†, ngampang menyerap kulit, di aku ini bagus untuk skinprep sebelum make-up, jadi lumayan awet make-upnya ğŸ™‚â€â†•ï¸ ini bagus udah spf45 . dan ini udh upgrade formulanya jad lebih bagus, kelen cobain juga yuk, samaan pakai produk ini juga",1 week - 1 month,Shopee,fzshakira_ recommends this product!,5,Azarine Hydrashoote Sunscreen Gel,47
risanugerah,19 - 24,"Dry, Medium Light, Neutral",2024-10-28,"Sunscreen kecintaan banget sampai rela dibelah biar tidak terisa sedikit pun hehe, teksturnya seperti gel jadi ringan banget dan mudah diserap kulit wajah. Selain itu kandungan produknya juga ga ada mengandung alkohol dan pewangi jadi aman banget dikulitku yang sensitif",More than 1 year,Shopee,risanugerah recommends this product!,5,Azarine Hydrashoote Sunscreen Gel,54
WulanKurnia,19 - 24,"Oily, Medium Light, Neutral",2024-10-28,"Azarine Hydrasoothe Sunscreen Gel, holy grail sunscreen aku! Kulitku kombinasi cenderung berminyak dan sensitif, tapi sunscreen ini nggak bikin breakout sama sekali. Teksturnya ringan, menyerap cepat, dan nggak bikin kulitku jadi greasy.",3 months - 6 months,Shopee,WulanKurnia recommends this product!,4,Azarine Hydrashoote Sunscreen Gel,54
Ayu_u30,19 - 24,"Normal, Medium, Neutral",2024-10-27,"Awal pakai ss azarine ini karena lihat kakakku sering pakai dan iseng ikutan pakai ss ini, ternyata dimuka aku bagus, ga bikin muka berminyak, finishing glowing, ga bikin dempul dimuka, ringan dimuka, cocok untuk sehari - hari, love it!!",More than 1 year,Shopee,Ayu_u30 recommends this product!,5,Azarine Hydrashoote Sunscreen Gel,63
Ssepti,18 and Under,",18 and Under",2024-10-26,"suncreen nya superr ringan, gak greasy dan gak peeling! suncreen ternyaman yang aku pakai di tahun 2023. nyaman juga dipakai pas lagi jerawattapi memang masih sedikit berminyak di kulit aku yg kombinasi dan enak nya ss ini gak bikin kusam yang jelek gituuu loohhğŸ¥² spf nya dh cocok buat di outdoor dan di pakai daily juga enak bgt!",6 months - 1 year,Shopee,Ssepti recommends this product!,5,Azarine Hydrashoote Sunscreen Gel,59
riyenimeliala,30 - 34,"Combination, Medium, Neutral",2024-10-24,"Pertama kali coba, ringan, cepat meresap di kulit, dan tidak lengket.Produk ini tidak meninggalkan whitecast pada kulit.Cocok untuk kulitku yang kombinasi & natural matte finish.Dipakai setelah menggunakan pelembab pada pagi hari, bisa reapply setiap 3-4 jam sekali jika kegiatan di luar ruangan.",1 month - 3 months,Brand Website,riyenimeliala recommends this product!,5,Azarine Hydrashoote Sunscreen Gel,59
bungaayuu,25 - 29,"Combination, Medium, Neutral",2024-10-24,"so sorry buat yang cocok dan suka sama produk ini, tapi di kulitku produk ini bikin breakout parah.. :( jerawat juga komedo langsung panen. dan aku ngerasanya kok malah gerah dan jadi kusam kalau pakai produk ini. so sorry :((",1 month - 3 months,Shopee,bungaayuu doesn't recommend this product!,3,Azarine Hydrashoote Sunscreen Gel,59
evelynvanessa,19 - 24,"Combination, Light, Neutral",2024-10-22,One of my fav sunscreen! Non-sticky and non-greasy buat kamu yang punya combi-oily skin kayak aku! Overall super recommended soalnya murah + bagus + isinya banyak like what more do you need from a sunscreen?,More than 1 year,Shopee,evelynvanessa recommends this product!,5,Azarine Hydrashoote Sunscreen Gel,53
rarazarwanii,19 - 24,"Combination, Medium Light, Neutral",2024-10-22,"inii di kulit aku yg oily aman sihh control oil nya lumayan, truss gampang banget menyerapnya. kandungannya juga bagus bagus banget. trus packagingnya okee ga buat tumpah tumpah. pokoknya kalian wajib cobain deh yg kulitnya oily ataupun acne",1 month - 3 months,Shopee,rarazarwanii recommends this product!,5,Azarine Hydrashoote Sunscreen Gel,53
starswberry,19 - 24,",19 - 24",2024-10-20,"coba ini karena rekomendasi dari temen, tekstur gel jadi gampang meresap, ringan di muka, agak bikin berminyak dimuka aku, btw muka aku tipkul kombinasi. buat harganya kantong pelajar. yang tipkulnya kering mungkin ini bagus di muka kalian",3 months - 6 months,Super Indo,starswberry recommends this product!,4,Azarine Hydrashoote Sunscreen Gel,100
araeoo22,19 - 24,"Oily, Medium Light, Neutral",2024-10-19,"Sunscreen azarine yg ini tuh helpful bgt buat aku, sebelum pake sunscreen azarine sempet pake merk lain sebenernya cocok juga tapi dimuka aku yg oily berasa berat trs juga meresap ke kulitnya lama sedangkan aku lumayan sibuk butuh yg cepetÂ² dan pilihan aku di suncreen azarine ini, dia cepet meresap, ga whitecast, ringan juga dimuka aku yg oily dan sedikit bantu calming jerawat aku juga, akhirÂ² ini aku juga suka pake ampe bibir juga dan dibibir aku juga engga berat dan malah ngeredain hiperpigmentasi di bibir aku juga",More than 1 year,Shopee,araeoo22 recommends this product!,5,Azarine Hydrashoote Sunscreen Gel,63
yupitet,19 - 24,"Dry, Light, Neutral",2024-10-16,"not the type of sunscreen I like :( kalo kata orang - orang bagus, tapi entah kenapa waktu aku pake ini aku gak begitu suka sama teksture dan hasilnya dikulitku. malah bikin kulitku jadi kering. kayaknya ini cocok dipake sama yang kulitnya oily deh",1 month - 3 months,Shopee,yupitet doesn't recommend this product!,3,Azarine Hydrashoote Sunscreen Gel,62
grasunshine,19 - 24,"Dry, Medium Light, Neutral",2024-10-13,"Sempat bingung milih sunscreen yang ringan, ga bikin kusam dan ga bikin oily. Udah nyoba brand ini itu dari murah sampai mahal. Lewat di social media,akhirnya iseng check out. Pertama kali aku nyoba yang ""calm my acne"" ternyata senyaman itu, dan pertama kali aku bisa ngabisin sunscreen sampai tetes terakhir. Pas udah ga jerawatan, akhirnya beralih ke yang hydrasoothe (awalnya sempat ragu karna takut teksturnya ga sama kayak calm my acne) ternyata aku cocok, sampai sekarang gamau ganti sunscreen ke yang lain lagi, karna udah senyaman itu sama azarine",6 months - 1 year,Shopee,grasunshine recommends this product!,5,Azarine Hydrashoote Sunscreen Gel,81
ScarlettHana,30 - 34,"Combination, Light, Cool",2024-10-10,"Daily sunscreen ku sekarang yang murah bgt tp berkualitas. Efek melindungi dr sinar mataharinya dapet, no whitecast, nggak bkin jerawatan, nggak lengket, nggak berbau menyengat, dan juga nggak bkin berminyak! Teksturnya cair dan ga butuh waktu lama untuk kering",More than 1 year,Shopee,ScarlettHana recommends this product!,5,Azarine Hydrashoote Sunscreen Gel,62
tasyeeeeeeee,19 - 24,"Oily, Medium Light, Neutral",2024-10-10,"awal awal dulu make ini iseng doang krna spf nya pas aja menurut aku ga kurang dan ga kelebihan, pas make eh cocok, malah lebih bagus dari sunscreen aku sebelumnya yg dari brand sebelah, mana harganya murah lagi ğŸ¥¹ abis itu beli lagi dan lagi smpe ngerekom ke ibuku â¤ï¸",More than 1 year,FD Flash Sale,tasyeeeeeeee recommends this product!,5,Azarine Hydrashoote Sunscreen Gel,62
haiyogie04,19 - 24,"Combination, Medium Dark, Warm",2024-10-09,"sebelumnya udah cobain berbagai merk sunscreen tapi malah bikin makin kusam dan berminyak apalagi aku gampang keringetan tapii sekrng pake Azarine, ga bikin abu, mudah ngeblend dan ngebantu nahan sinar UV pas lagi ada kegiatan outdoor.",More than 1 year,Shopee,haiyogie04 recommends this product!,5,Azarine Hydrashoote Sunscreen Gel,71
noonaxx,19 - 24,"Oily, Medium, Neutral",2024-10-03,"Sejauh ini, SS yang teksturnya paling enak. Dia cepet nyerap ke kukit juga. Aman banget buat kulit sensitif. Terus tiap pake ini tuh muka jd keliatan kyk plumpy/bouncy gitu tp gk bikin berminyak samsekk",1 month - 3 months,Shopee,noonaxx recommends this product!,4,Azarine Hydrashoote Sunscreen Gel,45
Dewiey,40 - 44,"Dry, Medium Dark, Neutral",2024-10-01,"sunscreen teh the best buat aku, setelah perjalanan panjang mencari sunscreen yang cocok, ga bikin white cast, ga bikin ketarik, ga bikin berminyak, ga bikin jerawatan. teksturnya mirip cream tapi cepat meresap di kulit, ringan en ga kerasa gerah. pokoke top markotop. pemakaian sudah 3than. walau klaimnya lebih cocok untuk kulit berminyak tapi di kulit aku yang kering ini juga oke",More than 1 year,Instagram,Dewiey recommends this product!,5,Azarine Hydrashoote Sunscreen Gel,71
Witri20,30 - 34,"Combination, Medium, Neutral",2024-10-01,"Sangan suka dengan sunscreen azarine ini karna cocok untuk kulit wajah saya, tidak.menimbulkan white case, gel nya mudah d blend mudah meresap juga. Membuat kulitbterasa lembab dan terlindungin dari sinar uv. Wangi nya tidak.menyengat.",Less than 1 week,Shopee,Witri20 recommends this product!,4,Azarine Hydrashoote Sunscreen Gel,71
nurintan77,19 - 24,"Normal, Light, Neutral",2024-09-22,"sudah lama tidak menggunakan produk ini.. sunscreen dari Azarine ini lumayan bagus dan cocok juga untuk pemakaian sehari-hari, tapi menurutku sunscreen ini membuat kulitku menjadi agak gelap setelah memakainya untuk kelembabannya oke siii tidak meningalkan white case ke wajah.",1 month - 3 months,Brand Website,nurintan77 recommends this product!,4,Azarine Hydrashoote Sunscreen Gel,51
dindaannnisa,25 - 29,"Oily, Medium, Neutral",2024-09-20,nemu sunscreen azarine hydrasoothe seneng banget ngefek banget di aku dan dia ga komedogenic tekstur gel cepet nyerap aku pernah dulu setelah cocok pakai ini sempet ganti sunscreen tapi ga cocok kusem dan muncul chicken skin setelah aku pakai ini lagi nampak sperti dlu cerahan dan dia bisa ngilangin efek chicken skin karena ga cocok sama sunscreen yang aku sempet ganti. sekian terimakasih,3 months - 6 months,Traditional Market,dindaannnisa recommends this product!,5,Azarine Hydrashoote Sunscreen Gel,36
ainun_dahlia,19 - 24,"Dry, Medium, Neutral",2024-09-20,"Dari SMA udah pake sunscreen tapi selalu ngerasa gk cocok karna bikin kusam, awalnya coba punya temen sunscreen azarinne ini finishnya mate gk bikin kusam gt jadi sampe sekarang pakenya azarine terus gamau coba yang lain karna takut ğŸ˜…",6 months - 1 year,FD Flash Sale,ainun_dahlia recommends this product!,5,Azarine Hydrashoote Sunscreen Gel,36
vik_olive,25 - 29,"Oily, Medium, Neutral",2024-09-19,"Saat jerawatan parah, cb pakai ss ini karena uda bingung mau pakai apa (ada yg ngasih rekomendasi jg sih)., Saat dipakai ga lengket samsek, cepat meresap, ga bikin kulit belang, ga kusam, pdhl wajah ini berminyak.. Jerawat perlahan hilang. Terima kasih bgt sm owner ss iniğŸ«°ğŸ¼Harganya juga terjangkauâ¤ï¸",6 months - 1 year,Official Brand Store,vik_olive recommends this product!,5,Azarine Hydrashoote Sunscreen Gel,65
Annisafirda13,30 - 34,"Oily, Medium Light, Neutral",2024-09-19,worth dengan harga se affordable itu..utk oily skin oke ya ngga bikin pori2 tersumbat dan acne...Ngga ada hint glow krna lebih ke matte sih menurutkuCepet kering juga diwajahso far bakal repurchase,More than 1 year,FD Try and Review,Annisafirda13 recommends this product!,5,Azarine Hydrashoote Sunscreen Gel,65
intennsaputri,19 - 24,"Combination, Medium, Warm",2024-09-14,"sunscreen gel ini teksturnya ringan, cepat meresap, ga ada efek tone up di aku, adem pas di apply, dan ga buat kulit kusam. setau aku dia termasuk chemical yah tapi untuk kulit combine kaya aku dia masih aman sih pas aku timpa makeup sunscreen ini ga buat longsor",1 week - 1 month,Indomaret,intennsaputri recommends this product!,5,Azarine Hydrashoote Sunscreen Gel,77
Azeezahaw,25 - 29,"Dry, Light, Neutral",2024-09-13,"Jadi tahu sih alasan kenapa sunscreen satu ini dulu sangat viral. Baru nyobain dan langsung suka. Teksturnya kaya pelembab, cepet nyerap, no whitecast, dan ada sensasi dinginya, aman dibawah makeup dan nggak peeling definisi nyenengin dan nggak neko-neko, dan yang bikin seneng lagi adalah harganya affordable dan masuk dikantong pelajar. Aku udah repurchase berkali-kali. Luv grab yours!!",6 months - 1 year,Shopee,Azeezahaw recommends this product!,5,Azarine Hydrashoote Sunscreen Gel,45
anandaaa_nur21,19 - 24,"Oily, Medium, Neutral",2024-09-12,"Awal make azarine bener-bener bagus karena skin type ku oily, yang punya oily skin cocok bgt sih azarine iniiii. Ga ada whitecast pula,,, harganya cocok bgt buat kantong pelajar... Recommended this product",3 months - 6 months,Shopee,anandaaa_nur21 recommends this product!,5,Azarine Hydrashoote Sunscreen Gel,52
ekklesiaeunikelase,19 - 24,"Dry, Medium, Neutral",2024-09-12,"My fav sunscreen so far. Teksturnya super ringan, ga sticky, gampang banget nyerep ke kulit wajah jadi ga ninggalin whitecast juga. Trus yang paling bikin aku seneng dari ss ini adalah dia ga bikin kulit aku keliatan kusam sama sekali. Oh iya, setauku ss ini cocok juga buat yang punya kulit sensitif, karena ga mengandung fragrance & alcohol ğŸ’—ğŸ’—",3 months - 6 months,Shopee,ekklesiaeunikelase recommends this product!,5,Azarine Hydrashoote Sunscreen Gel,52
faiza02,19 - 24,"Oily, Medium Dark, Neutral",2024-09-11,"Sunscreennya bagus bett, ngak lengket sama sekali. Seminggu pake lansung ada perubahan di face aku. Yang awalnya berbinyak, jadi kurang berminyak dan bruntusan aku pun jadi ngak jelas. Pokoknya sunscreen azzarine ini emang best sunscreen menurut aku",1 week - 1 month,Brand Website,faiza02 recommends this product!,5,Azarine Hydrashoote Sunscreen Gel,52
eldira03,25 - 29,"Normal, Medium Dark, Warm",2024-09-11,"Gampang menyerap dan cukup melembabkan jadi gak perlu pakai moisturizer lagi tapi kurang cocok dipakai untuk makeup, karena di bagian hidung  gak nempel makeupnya. Rekomen untuk yang gak suka makeup dan tipe kulit kering",1 week - 1 month,FD Try and Review,eldira03 recommends this product!,4,Azarine Hydrashoote Sunscreen Gel,52
anitaflooo,30 - 34,"Dry, Medium Light, Neutral",2024-09-09,Sunscreen yg sempet hype sejuta umat. Iseng coba ehh malah cocok. Sayangnya aja kadang kurang konsisten makenya. Teksturnya creamy tp pas udh diolesin ke muka gk bikin lengket. Langsung ngeblend cepet nyerap dan gak bikin gerah atau ninggalin whitecast mau dipake setebel apapun itu worth to try pokoknya !,6 months - 1 year,Shopee,anitaflooo recommends this product!,5,Azarine Hydrashoote Sunscreen Gel,52
dirkonjin,19 - 24,"Dry, Medium, Neutral",2024-09-08,"Sumpah bagus banget sunscreen azarine ini, sampe sekarang belum nemu sunscreen yang kaya gini, di aku yang kulitnya kering dia masih aman aja dan enaknya dia gampang meresap gak lengket terus juga dia gak perih di mata worth it harga segini sih",More than 1 year,Shopee,dirkonjin recommends this product!,5,Azarine Hydrashoote Sunscreen Gel,62
dianpramesti30,25 - 29,"Dry, Medium Light, Warm",2024-09-05,"Bagus, mudah diaplikasikan, gak whitecast juga, mudah meresap, gak pedih dimata tapi sayang aku gak cocok, bikin mukaku bruntusan setelah beberapa hari pake. Tapi pas dipake suamiku malah cocok. Yaa emang cocok-cocokan aja sih.",1 week - 1 month,Shopee,dianpramesti30 recommends this product!,4,Azarine Hydrashoote Sunscreen Gel,54
kireyjung,25 - 29,"Combination, Light, Cool",2024-09-05,"Penasaran sama SS dari Azarine ini, sampe akhirnya checkout. Tapi pas apply di wajaku. Dia cepet banget menyerap, ada sedikit tone up tapi bikin crack gtu, kayak wajahku jadi kaku. Sempet was was apa kulitku lagi beradaptasi sampe akhirnya aku pake 1bulanan lebih. Tapi ternyata rasanya ttep sama kayak gitu dan bikin ngga nyaman. Mungkin, ngga cocok di kulitku yg combi to dry, akhirnya aku kasih ke temenku deh.",3 months - 6 months,Shopee,kireyjung doesn't recommend this product!,3,Azarine Hydrashoote Sunscreen Gel,54
Jelsi,18 and Under,",18 and Under",2024-08-31,"bagus sih gk berbauu, gk berat tpi minusnya akuuu make inii kok peeling yaaa, sunscreennya ga berminyak tapi berairr gitu, menyerap tapi agak lamaa apa yg kupunya palsu yaa (?)ğŸ˜­ğŸ’” tapi aman aja di pakenya",1 week - 1 month,FD Try and Review,Jelsi recommends this product!,4,Azarine Hydrashoote Sunscreen Gel,71
adilla04,25 - 29,"Oily, Medium, Neutral",2024-08-31,"ini udah botol ke 4 aku pake sunscreen ini. teksturnya gel jd cocok bgt sama kulit aku. sesuai namanya hydrasooth memang sangat melembabkan. sampe2 tiap pagi skincare routine ku akhirnya berkurang. jadi cuman pake toner sama sunscreen doang. bakal repurchase lagi sih, tp skrg lagi coba yg warna biru krn spf nya lebih tinggi dan ada kandungan ceramide nya juga. recommended!",More than 1 year,Matahari,adilla04 recommends this product!,5,Azarine Hydrashoote Sunscreen Gel,71
Chickennugget_111,18 and Under,"Combination, Medium, Neutral",2024-08-26,"sunscreen gel yang gabikin gerah dikulit akuuuu gaada wanginya, ringan dan nahan minyak dikulit aku,harganya juga ramah untuk kantong pelajar gabikin boncos jugaaa,oiya kalau mau lebih nampol cegah sinar matahari sering"" reaplly yaaaluv deehhhhhhhhh",1 month - 3 months,Shopee,Chickennugget_111 recommends this product!,5,Azarine Hydrashoote Sunscreen Gel,64
jjkeukeu,19 - 24,"Combination, Medium Light, Neutral",2024-08-26,"Dari teksturnya aku suka, pas di apply ada sensasi coolingnya gitu dan cukup nahan minyak diwajah. Tapi entah kenapa, baru-baru ini pas aku repurchase yang ke sekian kalinya kalo telat reapply tuh jadi perih dimata dan bikin kusam juga. Mungkin reformulasi kali ya, entahlah, tapi yang jelas buat wajah yg jerawatan dan tipkul kombi bagus kok",6 months - 1 year,Shopee,jjkeukeu recommends this product!,5,Azarine Hydrashoote Sunscreen Gel,64
teetanium,19 - 24,"Oily, Medium, Neutral",2024-08-25,"Untuk aku yang oily skin, pake sunscreen azarine hydrasoothe tuh paling cocok! Gak bikin makin berminyak dan cepet banget menyerap ke kulitku. Secinta itu aku sama sunscreen ini, entah udah berapa botol yang aku pake.",More than 1 year,Shopee,teetanium recommends this product!,5,Azarine Hydrashoote Sunscreen Gel,61
devinadkh,19 - 24,"Oily, Medium Light, Cool",2024-08-24,"Dia teksturnya heavy gitu ya dan no whitecast jadi gada efek tone up nya samsek, ini tipe yang bikin gerah klo buat touch up siang siang kalo pagi mah aman saja, ini sunscreen kecintaanku sejak SMA emang dia sebagus itu sih bisa membantu mudarin bekas jerawat juga top bgt dah",6 months - 1 year,Indomaret,devinadkh recommends this product!,5,Azarine Hydrashoote Sunscreen Gel,76
Shafanaila17_,19 - 24,"Combination, Light, Neutral",2024-08-21,"Worth it banget, tekstur gel, ringan dan mudah sekali menyerap. Tidak whitecast, harga kantong pelajar, packaging bagus dan simpel. Cocok untuk kulit normal, berminyak, kombinasi, dan acne prone skin / kulit berjerawat. Melembabkan serta menenangkan kulit dan melindungi kulit dari pengaruh buruk sinar matahari.",1 week - 1 month,Shopee,Shafanaila17_ recommends this product!,5,Azarine Hydrashoote Sunscreen Gel,80
Bilapr,19 - 24,"Dry, Light, Neutral",2024-08-21,"Beberapa kali repurchase. Cukup untuk menahan panas Surabaya, tetapi tidak cukup menahan panasnya Taiwan hehe. Masih bikin gosong meskipun sudah reapply. Untuk kulit kering ini sangat cocok, tidak bikin greasy karena tekstur gel",More than 1 year,Shopee,Bilapr recommends this product!,5,Azarine Hydrashoote Sunscreen Gel,80
